student_id,skills,domain,age,govt_project,freelancer,project_impact,is_fresher,github,state,rural,female,profile_text
S00001,"excel, kubernetes, matlab, ios",Backend Development,29,0,1,0.4524793641595803,1,https://github.com/user_1,Kerala,0,0,"excel, kubernetes, matlab, ios Backend Development project_impact:0.4524793641595803"
S00002,"excel, powerbi, nlp, nodejs",Marketing,19,0,1,0.2588225031896787,1,https://github.com/user_2,Gujarat,1,0,"excel, powerbi, nlp, nodejs Marketing project_impact:0.2588225031896787"
S00003,"deep learning, ux, computer vision, kubernetes, sql",DevOps,24,1,1,0.1861050999697118,1,https://github.com/user_3,Rajasthan,1,0,"deep learning, ux, computer vision, kubernetes, sql DevOps project_impact:0.1861050999697118"
S00004,"computer vision, sql",Marketing,28,0,1,0.3847177963668703,0,,West Bengal,0,1,"computer vision, sql Marketing project_impact:0.3847177963668703"
S00005,"ux, sql, aws",Data Science,27,0,0,0.05589867289457542,1,https://github.com/user_5,Uttar Pradesh,0,0,"ux, sql, aws Data Science project_impact:0.05589867289457542"
S00006,"tableau, figma, kubernetes",Marketing,20,0,0,0.2207362460354259,1,,Gujarat,0,0,"tableau, figma, kubernetes Marketing project_impact:0.2207362460354259"
S00007,"gcp, r, figma",Finance,21,0,0,0.262910153615169,0,,Karnataka,0,1,"gcp, r, figma Finance project_impact:0.262910153615169"
S00008,"kubernetes, matlab",Frontend Design,28,0,0,0.18921919968666295,1,https://github.com/user_8,West Bengal,1,1,"kubernetes, matlab Frontend Design project_impact:0.18921919968666295"
S00009,"android, gcp, excel, figma, java",Backend Development,27,0,0,0.33409168818081364,1,https://github.com/user_9,Punjab,1,0,"android, gcp, excel, figma, java Backend Development project_impact:0.33409168818081364"
S00010,"nlp, html, ios, c++",Marketing,23,0,0,0.04034784941022129,1,,West Bengal,1,1,"nlp, html, ios, c++ Marketing project_impact:0.04034784941022129"
S00011,"fastapi, matlab, business analysis, java",Finance,22,0,0,0.05305879058429078,1,,West Bengal,0,0,"fastapi, matlab, business analysis, java Finance project_impact:0.05305879058429078"
S00012,"gcp, spring, react",Data Science,29,0,1,0.40370807864335745,1,https://github.com/user_12,Uttar Pradesh,1,0,"gcp, spring, react Data Science project_impact:0.40370807864335745"
S00013,"aws, computer vision",Mobile,26,0,0,0.01822041824369032,1,https://github.com/user_13,Karnataka,0,1,"aws, computer vision Mobile project_impact:0.01822041824369032"
S00014,"html, nodejs, python, spring, computer vision",Frontend Design,22,0,1,0.36040724749989883,1,https://github.com/user_14,Punjab,0,0,"html, nodejs, python, spring, computer vision Frontend Design project_impact:0.36040724749989883"
S00015,"excel, docker, python",Product,21,0,1,0.38402059378955855,0,https://github.com/user_15,Karnataka,1,1,"excel, docker, python Product project_impact:0.38402059378955855"
S00016,"finance, sql",Data Science,19,1,0,0.2946855543597045,0,https://github.com/user_16,Telangana,1,1,"finance, sql Data Science project_impact:0.2946855543597045"
S00017,"java, r, business analysis",Product,19,0,0,0.7974148934694557,0,,Maharashtra,1,0,"java, r, business analysis Product project_impact:0.7974148934694557"
S00018,"deep learning, spring, kubernetes, fastapi",Frontend Design,18,0,0,0.2564668583112566,1,,Tamil Nadu,1,1,"deep learning, spring, kubernetes, fastapi Frontend Design project_impact:0.2564668583112566"
S00019,"kubernetes, nodejs, react",Marketing,28,0,0,0.4126405746033751,0,https://github.com/user_19,Gujarat,0,1,"kubernetes, nodejs, react Marketing project_impact:0.4126405746033751"
S00020,"graphql, ios, flask",Mobile,19,0,0,0.08744523659069935,1,,Punjab,0,1,"graphql, ios, flask Mobile project_impact:0.08744523659069935"
S00021,"flask, tableau",Finance,19,0,0,0.5923828738662061,0,https://github.com/user_21,Maharashtra,1,1,"flask, tableau Finance project_impact:0.5923828738662061"
S00022,"finance, marketing, ios",DevOps,27,1,0,0.07953996613332237,0,,Kerala,0,1,"finance, marketing, ios DevOps project_impact:0.07953996613332237"
S00023,"ux, excel",Finance,27,0,0,0.5709746078719019,1,https://github.com/user_23,Karnataka,1,0,"ux, excel Finance project_impact:0.5709746078719019"
S00024,"ios, business analysis, react, tableau, aws",Marketing,25,0,1,0.4600375255687241,1,https://github.com/user_24,Maharashtra,1,0,"ios, business analysis, react, tableau, aws Marketing project_impact:0.4600375255687241"
S00025,"tableau, r, marketing",Marketing,18,0,1,0.3944410607244206,1,,Rajasthan,1,1,"tableau, r, marketing Marketing project_impact:0.3944410607244206"
S00026,"figma, gcp, finance, react, graphql",Finance,22,0,0,0.15084794291725553,1,https://github.com/user_26,West Bengal,1,1,"figma, gcp, finance, react, graphql Finance project_impact:0.15084794291725553"
S00027,"react, sales, machine learning, kubernetes, docker",Data Science,23,0,0,0.6915080042392231,1,https://github.com/user_27,Gujarat,1,0,"react, sales, machine learning, kubernetes, docker Data Science project_impact:0.6915080042392231"
S00028,"ux, ios",Mobile,28,0,0,0.2582227410173456,0,https://github.com/user_28,Rajasthan,1,0,"ux, ios Mobile project_impact:0.2582227410173456"
S00029,"nodejs, aws",Marketing,20,0,1,0.09937723626239894,0,,Gujarat,0,0,"nodejs, aws Marketing project_impact:0.09937723626239894"
S00030,"react, excel, marketing, ux",Data Science,24,0,1,0.06374485869777848,1,https://github.com/user_30,West Bengal,0,0,"react, excel, marketing, ux Data Science project_impact:0.06374485869777848"
S00031,"r, deep learning, tableau, figma, android",Product,23,0,0,0.4663418984124998,0,https://github.com/user_31,Gujarat,0,1,"r, deep learning, tableau, figma, android Product project_impact:0.4663418984124998"
S00032,"machine learning, business analysis",Data Science,20,0,1,0.3987306355433717,1,https://github.com/user_32,Gujarat,0,1,"machine learning, business analysis Data Science project_impact:0.3987306355433717"
S00033,"ios, computer vision, tableau, marketing, css",Marketing,20,0,0,0.4285971479573045,1,,Maharashtra,0,1,"ios, computer vision, tableau, marketing, css Marketing project_impact:0.4285971479573045"
S00034,"machine learning, gcp, deep learning, tableau, kubernetes",Product,22,0,0,0.4965115721026122,0,,Maharashtra,0,1,"machine learning, gcp, deep learning, tableau, kubernetes Product project_impact:0.4965115721026122"
S00035,"gcp, kubernetes, c++, excel",Frontend Design,27,0,1,0.22661515258699905,1,https://github.com/user_35,Tamil Nadu,0,0,"gcp, kubernetes, c++, excel Frontend Design project_impact:0.22661515258699905"
S00036,"computer vision, html",Mobile,28,0,0,0.20912074459000438,1,https://github.com/user_36,Gujarat,0,0,"computer vision, html Mobile project_impact:0.20912074459000438"
S00037,"css, excel, graphql, excel, android",Data Science,25,0,0,0.16548825632797814,1,https://github.com/user_37,Kerala,0,0,"css, excel, graphql, excel, android Data Science project_impact:0.16548825632797814"
S00038,"aws, graphql",Data Science,19,0,0,0.07957266581135539,1,,Rajasthan,0,0,"aws, graphql Data Science project_impact:0.07957266581135539"
S00039,"flask, matlab, graphql, powerbi, ux",Product,24,0,0,0.19130369778526016,1,https://github.com/user_39,Gujarat,0,0,"flask, matlab, graphql, powerbi, ux Product project_impact:0.19130369778526016"
S00040,"graphql, html, python",Product,18,0,1,0.2572556262767322,0,https://github.com/user_40,Maharashtra,0,0,"graphql, html, python Product project_impact:0.2572556262767322"
S00041,"nlp, tableau, excel",Frontend Design,18,0,0,0.08162549621195195,1,,Maharashtra,1,0,"nlp, tableau, excel Frontend Design project_impact:0.08162549621195195"
S00042,"html, react",Finance,26,0,0,0.5270788241396575,1,https://github.com/user_42,Rajasthan,0,0,"html, react Finance project_impact:0.5270788241396575"
S00043,"excel, machine learning, nlp, java",Data Science,30,1,0,0.09586580720547071,0,,Uttar Pradesh,1,1,"excel, machine learning, nlp, java Data Science project_impact:0.09586580720547071"
S00044,"python, nlp, gcp, aws, powerbi",Marketing,29,0,0,0.446150602472674,0,,Tamil Nadu,0,1,"python, nlp, gcp, aws, powerbi Marketing project_impact:0.446150602472674"
S00045,"graphql, figma",Frontend Design,26,0,0,0.3962471398370725,1,,Maharashtra,0,1,"graphql, figma Frontend Design project_impact:0.3962471398370725"
S00046,"html, kubernetes, sales, graphql, matlab",DevOps,19,0,0,0.5836202131207773,1,,Tamil Nadu,1,1,"html, kubernetes, sales, graphql, matlab DevOps project_impact:0.5836202131207773"
S00047,"sql, java",Product,29,1,0,0.3342257218630762,1,,Uttar Pradesh,0,1,"sql, java Product project_impact:0.3342257218630762"
S00048,"marketing, react, excel, machine learning",Product,22,0,0,0.1745960498907447,1,,Punjab,0,1,"marketing, react, excel, machine learning Product project_impact:0.1745960498907447"
S00049,"html, machine learning, flask",Marketing,26,0,0,0.07575774433972993,1,,Karnataka,0,1,"html, machine learning, flask Marketing project_impact:0.07575774433972993"
S00050,"ux, excel, excel",Product,31,0,0,0.7679086568882206,1,https://github.com/user_50,Maharashtra,1,0,"ux, excel, excel Product project_impact:0.7679086568882206"
S00051,"business analysis, docker, react",DevOps,22,0,0,0.24671397688586422,0,,West Bengal,1,1,"business analysis, docker, react DevOps project_impact:0.24671397688586422"
S00052,"sales, fastapi, nlp, computer vision, graphql",Marketing,28,0,0,0.21998872502775094,0,,Punjab,0,1,"sales, fastapi, nlp, computer vision, graphql Marketing project_impact:0.21998872502775094"
S00053,"ios, computer vision",Marketing,22,0,1,0.6371569205932077,0,,Punjab,0,0,"ios, computer vision Marketing project_impact:0.6371569205932077"
S00054,"matlab, kubernetes",Finance,18,0,0,0.3586044422113574,0,,Maharashtra,0,0,"matlab, kubernetes Finance project_impact:0.3586044422113574"
S00055,"nodejs, react, ux, r, excel",Product,26,1,0,0.28190440316414356,1,,Gujarat,0,0,"nodejs, react, ux, r, excel Product project_impact:0.28190440316414356"
S00056,"powerbi, html, ux, marketing, machine learning",Frontend Design,20,0,0,0.1883042047416197,0,https://github.com/user_56,Karnataka,0,0,"powerbi, html, ux, marketing, machine learning Frontend Design project_impact:0.1883042047416197"
S00057,"spring, python, finance",Backend Development,26,0,0,0.09387603301800533,1,https://github.com/user_57,Telangana,0,1,"spring, python, finance Backend Development project_impact:0.09387603301800533"
S00058,"flask, docker, matlab",Frontend Design,19,1,1,0.11160828266923872,1,,Karnataka,0,1,"flask, docker, matlab Frontend Design project_impact:0.11160828266923872"
S00059,"marketing, excel, css, sql",Product,28,0,0,0.2107320161879002,0,https://github.com/user_59,Rajasthan,0,1,"marketing, excel, css, sql Product project_impact:0.2107320161879002"
S00060,"nodejs, graphql, excel, java",Data Science,18,0,1,0.5557470495473628,0,https://github.com/user_60,Rajasthan,1,1,"nodejs, graphql, excel, java Data Science project_impact:0.5557470495473628"
S00061,"aws, marketing",Backend Development,31,0,0,0.31848164508605076,1,https://github.com/user_61,West Bengal,0,0,"aws, marketing Backend Development project_impact:0.31848164508605076"
S00062,"html, sales, python",Finance,29,0,0,0.6190657462602243,1,,Punjab,0,0,"html, sales, python Finance project_impact:0.6190657462602243"
S00063,"nodejs, sql",Backend Development,30,0,0,0.5160541022481265,1,https://github.com/user_63,Telangana,0,1,"nodejs, sql Backend Development project_impact:0.5160541022481265"
S00064,"powerbi, matlab, computer vision, figma",Frontend Design,28,0,0,0.23901509659371778,0,https://github.com/user_64,Punjab,0,1,"powerbi, matlab, computer vision, figma Frontend Design project_impact:0.23901509659371778"
S00065,"python, business analysis, fastapi",DevOps,26,0,0,0.021811254527175767,1,https://github.com/user_65,Karnataka,0,0,"python, business analysis, fastapi DevOps project_impact:0.021811254527175767"
S00066,"react, flask, nlp, spring, machine learning",Frontend Design,26,0,0,0.40025154097786875,1,https://github.com/user_66,Telangana,1,1,"react, flask, nlp, spring, machine learning Frontend Design project_impact:0.40025154097786875"
S00067,"marketing, sql, fastapi, python",Finance,22,0,0,0.6571687889006115,1,https://github.com/user_67,Karnataka,0,1,"marketing, sql, fastapi, python Finance project_impact:0.6571687889006115"
S00068,"nlp, android",DevOps,19,0,0,0.2606471836107578,0,https://github.com/user_68,Rajasthan,1,0,"nlp, android DevOps project_impact:0.2606471836107578"
S00069,"computer vision, sales, finance, matlab",Marketing,18,0,0,0.29812562732700254,0,,Uttar Pradesh,0,1,"computer vision, sales, finance, matlab Marketing project_impact:0.29812562732700254"
S00070,"tableau, figma, android",DevOps,31,0,1,0.4711959716648683,1,https://github.com/user_70,Kerala,0,1,"tableau, figma, android DevOps project_impact:0.4711959716648683"
S00071,"ux, sales, r, gcp, docker",Marketing,26,0,0,0.38052026354084345,1,,Tamil Nadu,0,1,"ux, sales, r, gcp, docker Marketing project_impact:0.38052026354084345"
S00072,"powerbi, r, excel",Backend Development,21,0,1,0.404090718520306,0,,Tamil Nadu,1,1,"powerbi, r, excel Backend Development project_impact:0.404090718520306"
S00073,"figma, java",Backend Development,26,0,0,0.1570017582969825,1,https://github.com/user_73,Telangana,1,0,"figma, java Backend Development project_impact:0.1570017582969825"
S00074,"fastapi, excel",Product,21,0,0,0.10964630682817436,1,,Maharashtra,0,0,"fastapi, excel Product project_impact:0.10964630682817436"
S00075,"gcp, python, nlp, matlab",DevOps,21,0,0,0.2860796952680234,0,https://github.com/user_75,Kerala,0,0,"gcp, python, nlp, matlab DevOps project_impact:0.2860796952680234"
S00076,"nodejs, flask, r, tableau, figma",Frontend Design,28,0,0,0.21631320233506668,1,https://github.com/user_76,Karnataka,1,0,"nodejs, flask, r, tableau, figma Frontend Design project_impact:0.21631320233506668"
S00077,"java, ios, flask, excel, graphql",Marketing,24,0,0,0.3081459072596106,1,https://github.com/user_77,Maharashtra,1,1,"java, ios, flask, excel, graphql Marketing project_impact:0.3081459072596106"
S00078,"fastapi, excel, java, sql, aws",Data Science,31,0,0,0.3288805474367449,1,https://github.com/user_78,West Bengal,1,0,"fastapi, excel, java, sql, aws Data Science project_impact:0.3288805474367449"
S00079,"sql, tableau",Backend Development,24,0,1,0.38095461600478925,1,https://github.com/user_79,Maharashtra,0,1,"sql, tableau Backend Development project_impact:0.38095461600478925"
S00080,"matlab, ux, excel",Product,28,0,0,0.2872889724818912,1,,Uttar Pradesh,0,0,"matlab, ux, excel Product project_impact:0.2872889724818912"
S00081,"ux, c++, ios, excel",Data Science,23,0,1,0.6022405575260532,1,,West Bengal,0,0,"ux, c++, ios, excel Data Science project_impact:0.6022405575260532"
S00082,"java, react, matlab, figma",DevOps,27,0,0,0.5572644746085922,1,,Maharashtra,1,1,"java, react, matlab, figma DevOps project_impact:0.5572644746085922"
S00083,"graphql, html, css",Frontend Design,24,0,1,0.38329779605021497,1,,Uttar Pradesh,0,1,"graphql, html, css Frontend Design project_impact:0.38329779605021497"
S00084,"css, graphql",Marketing,28,0,1,0.15566289246565457,1,https://github.com/user_84,West Bengal,0,0,"css, graphql Marketing project_impact:0.15566289246565457"
S00085,"sql, finance, ios",Backend Development,18,1,0,0.591227393976185,1,https://github.com/user_85,Tamil Nadu,1,1,"sql, finance, ios Backend Development project_impact:0.591227393976185"
S00086,"java, deep learning, matlab, css",Backend Development,18,0,0,0.2408256466803852,0,https://github.com/user_86,Rajasthan,0,0,"java, deep learning, matlab, css Backend Development project_impact:0.2408256466803852"
S00087,"java, docker, business analysis, aws, nodejs",Backend Development,19,0,1,0.17596945765817926,1,https://github.com/user_87,Karnataka,0,1,"java, docker, business analysis, aws, nodejs Backend Development project_impact:0.17596945765817926"
S00088,"finance, matlab, machine learning, graphql, nlp",Product,21,0,0,0.520206796481244,1,,Maharashtra,0,1,"finance, matlab, machine learning, graphql, nlp Product project_impact:0.520206796481244"
S00089,"java, kubernetes, aws",Frontend Design,30,1,1,0.38519646993394424,1,,Uttar Pradesh,0,1,"java, kubernetes, aws Frontend Design project_impact:0.38519646993394424"
S00090,"computer vision, sales, sql",Mobile,23,0,0,0.7531301410801807,1,,Maharashtra,0,1,"computer vision, sales, sql Mobile project_impact:0.7531301410801807"
S00091,"css, business analysis, kubernetes, c++, aws",Finance,23,0,0,0.35464513942852055,1,https://github.com/user_91,Kerala,0,0,"css, business analysis, kubernetes, c++, aws Finance project_impact:0.35464513942852055"
S00092,"sales, kubernetes",Frontend Design,23,0,0,0.3348081515852466,0,https://github.com/user_92,Telangana,0,0,"sales, kubernetes Frontend Design project_impact:0.3348081515852466"
S00093,"sql, docker, nodejs, powerbi",Data Science,30,1,0,0.24452342600047294,0,,Punjab,1,0,"sql, docker, nodejs, powerbi Data Science project_impact:0.24452342600047294"
S00094,"sql, business analysis, machine learning, sales, excel",Data Science,31,0,0,0.40091429169474435,1,https://github.com/user_94,Maharashtra,0,1,"sql, business analysis, machine learning, sales, excel Data Science project_impact:0.40091429169474435"
S00095,"excel, business analysis, marketing",DevOps,20,0,0,0.5580436871387283,1,,West Bengal,0,0,"excel, business analysis, marketing DevOps project_impact:0.5580436871387283"
S00096,"ios, nlp",Mobile,23,0,0,0.24791810986767315,0,,Punjab,1,0,"ios, nlp Mobile project_impact:0.24791810986767315"
S00097,"r, graphql, android, tableau",Frontend Design,20,0,0,0.6870441035627054,1,,Tamil Nadu,1,0,"r, graphql, android, tableau Frontend Design project_impact:0.6870441035627054"
S00098,"java, excel",Mobile,29,0,1,0.31917217405573406,0,https://github.com/user_98,Tamil Nadu,0,0,"java, excel Mobile project_impact:0.31917217405573406"
S00099,"finance, matlab, aws, html",DevOps,24,0,1,0.1551643713891328,0,https://github.com/user_99,Kerala,1,0,"finance, matlab, aws, html DevOps project_impact:0.1551643713891328"
S00100,"tableau, matlab, ios, html, python",Product,21,0,0,0.12402900365699068,0,https://github.com/user_100,Gujarat,1,0,"tableau, matlab, ios, html, python Product project_impact:0.12402900365699068"
S00101,"docker, android, css, tableau",Marketing,30,1,0,0.18707318990586033,1,,Telangana,0,0,"docker, android, css, tableau Marketing project_impact:0.18707318990586033"
S00102,"computer vision, react, c++",Data Science,18,0,0,0.5856417430057843,1,https://github.com/user_102,Karnataka,0,1,"computer vision, react, c++ Data Science project_impact:0.5856417430057843"
S00103,"android, r, sales, figma",DevOps,18,0,0,0.22740675997731966,1,https://github.com/user_103,Rajasthan,0,1,"android, r, sales, figma DevOps project_impact:0.22740675997731966"
S00104,"flask, machine learning, business analysis, aws",DevOps,26,0,0,0.5383348957085543,1,https://github.com/user_104,Maharashtra,1,1,"flask, machine learning, business analysis, aws DevOps project_impact:0.5383348957085543"
S00105,"marketing, figma",Backend Development,30,0,0,0.7499751903353762,1,https://github.com/user_105,West Bengal,0,0,"marketing, figma Backend Development project_impact:0.7499751903353762"
S00106,"finance, html, nlp, tableau",Marketing,26,0,0,0.10377396144349293,1,https://github.com/user_106,Punjab,1,1,"finance, html, nlp, tableau Marketing project_impact:0.10377396144349293"
S00107,"android, sales, deep learning, excel",Frontend Design,21,0,1,0.2506883104666641,1,https://github.com/user_107,Uttar Pradesh,0,0,"android, sales, deep learning, excel Frontend Design project_impact:0.2506883104666641"
S00108,"gcp, r, kubernetes, machine learning",Frontend Design,27,0,1,0.2010769314971884,0,https://github.com/user_108,Uttar Pradesh,0,0,"gcp, r, kubernetes, machine learning Frontend Design project_impact:0.2010769314971884"
S00109,"html, docker, gcp, ios",Mobile,27,0,0,0.32967487629540254,1,https://github.com/user_109,West Bengal,0,0,"html, docker, gcp, ios Mobile project_impact:0.32967487629540254"
S00110,"tableau, sql, android, ios, python",Mobile,23,0,0,0.1383276066721417,1,,Punjab,1,1,"tableau, sql, android, ios, python Mobile project_impact:0.1383276066721417"
S00111,"tableau, computer vision, c++, powerbi",Mobile,23,0,0,0.24794934193982432,0,https://github.com/user_111,West Bengal,0,0,"tableau, computer vision, c++, powerbi Mobile project_impact:0.24794934193982432"
S00112,"ux, sql, gcp, css, spring",Finance,26,0,1,0.04700190564995082,1,https://github.com/user_112,Karnataka,0,0,"ux, sql, gcp, css, spring Finance project_impact:0.04700190564995082"
S00113,"android, figma, fastapi, nodejs",Frontend Design,20,0,0,0.2544225443712132,1,,Tamil Nadu,0,0,"android, figma, fastapi, nodejs Frontend Design project_impact:0.2544225443712132"
S00114,"android, graphql, css, computer vision",DevOps,23,0,1,0.3460643121002601,1,https://github.com/user_114,Punjab,1,1,"android, graphql, css, computer vision DevOps project_impact:0.3460643121002601"
S00115,"nlp, fastapi, deep learning, tableau, react",Frontend Design,31,1,0,0.5653634187216565,1,https://github.com/user_115,Tamil Nadu,1,0,"nlp, fastapi, deep learning, tableau, react Frontend Design project_impact:0.5653634187216565"
S00116,"html, excel, finance, matlab",Finance,25,0,0,0.13007482529307302,1,,Rajasthan,0,0,"html, excel, finance, matlab Finance project_impact:0.13007482529307302"
S00117,"matlab, java, aws, react",Finance,22,0,0,0.249226463717955,1,https://github.com/user_117,Karnataka,0,0,"matlab, java, aws, react Finance project_impact:0.249226463717955"
S00118,"sales, spring, r, figma",Data Science,28,0,1,0.3269565022576278,1,https://github.com/user_118,Gujarat,0,0,"sales, spring, r, figma Data Science project_impact:0.3269565022576278"
S00119,"java, aws, nodejs, figma, react",Frontend Design,25,0,1,0.4576636526902731,1,,Punjab,0,0,"java, aws, nodejs, figma, react Frontend Design project_impact:0.4576636526902731"
S00120,"computer vision, finance, sql",Mobile,20,0,1,0.5063592435928991,1,https://github.com/user_120,Tamil Nadu,0,1,"computer vision, finance, sql Mobile project_impact:0.5063592435928991"
S00121,"excel, ios, computer vision",Marketing,19,1,0,0.5079951940164122,0,,Maharashtra,0,0,"excel, ios, computer vision Marketing project_impact:0.5079951940164122"
S00122,"business analysis, tableau, r, deep learning",DevOps,27,0,0,0.5037493789297552,1,,Telangana,0,0,"business analysis, tableau, r, deep learning DevOps project_impact:0.5037493789297552"
S00123,"python, html, machine learning, sql",Frontend Design,30,0,1,0.47733555948564543,1,,Gujarat,0,1,"python, html, machine learning, sql Frontend Design project_impact:0.47733555948564543"
S00124,"spring, c++, excel, flask, graphql",Backend Development,28,0,0,0.2817233410505811,1,,Uttar Pradesh,0,0,"spring, c++, excel, flask, graphql Backend Development project_impact:0.2817233410505811"
S00125,"marketing, sales, machine learning, aws, computer vision",Backend Development,26,0,0,0.5452782853370366,0,,Rajasthan,0,1,"marketing, sales, machine learning, aws, computer vision Backend Development project_impact:0.5452782853370366"
S00126,"deep learning, r, sql, android, excel",Finance,20,0,0,0.32025903118730137,1,https://github.com/user_126,Maharashtra,0,0,"deep learning, r, sql, android, excel Finance project_impact:0.32025903118730137"
S00127,"java, fastapi, nlp",Finance,29,0,0,0.305998756707356,1,https://github.com/user_127,Karnataka,0,0,"java, fastapi, nlp Finance project_impact:0.305998756707356"
S00128,"marketing, graphql, tableau",Backend Development,22,0,1,0.5431913116852313,1,,Uttar Pradesh,0,0,"marketing, graphql, tableau Backend Development project_impact:0.5431913116852313"
S00129,"gcp, flask, finance, sales, ios",Mobile,22,0,0,0.15938504957789879,1,https://github.com/user_129,Kerala,1,0,"gcp, flask, finance, sales, ios Mobile project_impact:0.15938504957789879"
S00130,"powerbi, deep learning, machine learning, nodejs",Product,23,0,1,0.31458651076872507,0,,Telangana,0,1,"powerbi, deep learning, machine learning, nodejs Product project_impact:0.31458651076872507"
S00131,"kubernetes, html, gcp",DevOps,18,0,0,0.2731335851296123,0,https://github.com/user_131,Karnataka,1,0,"kubernetes, html, gcp DevOps project_impact:0.2731335851296123"
S00132,"react, c++",Mobile,19,0,1,0.2767953516797828,1,https://github.com/user_132,Punjab,0,0,"react, c++ Mobile project_impact:0.2767953516797828"
S00133,"android, python, ios",Finance,21,0,0,0.1979953198055003,1,,Rajasthan,0,0,"android, python, ios Finance project_impact:0.1979953198055003"
S00134,"computer vision, marketing, spring",Data Science,31,0,0,0.19739892854570423,1,https://github.com/user_134,Tamil Nadu,0,0,"computer vision, marketing, spring Data Science project_impact:0.19739892854570423"
S00135,"react, matlab, spring, graphql, ux",Marketing,23,0,1,0.060524693817214155,1,https://github.com/user_135,Gujarat,0,0,"react, matlab, spring, graphql, ux Marketing project_impact:0.060524693817214155"
S00136,"marketing, ios, sql, python",Finance,22,0,0,0.17821234295843238,1,,Tamil Nadu,0,1,"marketing, ios, sql, python Finance project_impact:0.17821234295843238"
S00137,"excel, sales, ux",Frontend Design,22,0,1,0.8265324715514607,0,,Karnataka,0,1,"excel, sales, ux Frontend Design project_impact:0.8265324715514607"
S00138,"computer vision, sales",Marketing,19,0,0,0.15986916876211846,0,https://github.com/user_138,Maharashtra,1,0,"computer vision, sales Marketing project_impact:0.15986916876211846"
S00139,"marketing, java, flask, deep learning",Frontend Design,26,0,0,0.04089967736172342,0,https://github.com/user_139,Punjab,0,1,"marketing, java, flask, deep learning Frontend Design project_impact:0.04089967736172342"
S00140,"c++, machine learning, html, tableau, aws",Marketing,30,0,0,0.31387901564459203,1,https://github.com/user_140,Maharashtra,0,0,"c++, machine learning, html, tableau, aws Marketing project_impact:0.31387901564459203"
S00141,"fastapi, nodejs, business analysis",Marketing,25,0,0,0.2532826706154649,1,,Karnataka,0,0,"fastapi, nodejs, business analysis Marketing project_impact:0.2532826706154649"
S00142,"c++, nodejs",Mobile,18,0,0,0.6963608077980825,0,,Karnataka,0,1,"c++, nodejs Mobile project_impact:0.6963608077980825"
S00143,"python, ux",Marketing,28,1,0,0.5680439359937761,0,,Karnataka,0,1,"python, ux Marketing project_impact:0.5680439359937761"
S00144,"react, fastapi, business analysis, tableau, nlp",Backend Development,23,1,0,0.4956622460153949,0,https://github.com/user_144,Telangana,0,0,"react, fastapi, business analysis, tableau, nlp Backend Development project_impact:0.4956622460153949"
S00145,"nlp, graphql, nodejs",Finance,23,1,0,0.2688986388396412,1,https://github.com/user_145,Kerala,1,0,"nlp, graphql, nodejs Finance project_impact:0.2688986388396412"
S00146,"marketing, finance, nlp",Finance,31,0,0,0.28380589671932316,1,https://github.com/user_146,West Bengal,0,0,"marketing, finance, nlp Finance project_impact:0.28380589671932316"
S00147,"marketing, kubernetes",Frontend Design,24,0,0,0.4288687865724286,1,https://github.com/user_147,Tamil Nadu,1,1,"marketing, kubernetes Frontend Design project_impact:0.4288687865724286"
S00148,"docker, graphql, spring, figma",Data Science,26,1,0,0.20805101269728202,0,,West Bengal,1,1,"docker, graphql, spring, figma Data Science project_impact:0.20805101269728202"
S00149,"kubernetes, sql, python, gcp, react",Product,30,0,0,0.7990460584642849,1,https://github.com/user_149,Rajasthan,1,0,"kubernetes, sql, python, gcp, react Product project_impact:0.7990460584642849"
S00150,"kubernetes, marketing, aws, docker, fastapi",Product,26,0,0,0.5131056324187235,1,https://github.com/user_150,Gujarat,0,0,"kubernetes, marketing, aws, docker, fastapi Product project_impact:0.5131056324187235"
S00151,"android, spring, ux",Product,24,0,0,0.3353400405744163,0,,Uttar Pradesh,1,0,"android, spring, ux Product project_impact:0.3353400405744163"
S00152,"marketing, docker, react, deep learning",Frontend Design,24,0,0,0.24452553332897883,1,,West Bengal,0,0,"marketing, docker, react, deep learning Frontend Design project_impact:0.24452553332897883"
S00153,"machine learning, sql",Data Science,27,0,0,0.678695552151495,1,https://github.com/user_153,Maharashtra,0,0,"machine learning, sql Data Science project_impact:0.678695552151495"
S00154,"nlp, flask, matlab, ux, spring",Backend Development,26,0,0,0.5334749451672208,1,,Gujarat,0,0,"nlp, flask, matlab, ux, spring Backend Development project_impact:0.5334749451672208"
S00155,"excel, ux, computer vision, python",Backend Development,30,0,0,0.554534809181538,1,,Karnataka,0,1,"excel, ux, computer vision, python Backend Development project_impact:0.554534809181538"
S00156,"r, deep learning",DevOps,22,0,0,0.4920516294679211,1,https://github.com/user_156,Rajasthan,0,0,"r, deep learning DevOps project_impact:0.4920516294679211"
S00157,"react, fastapi",Data Science,23,0,0,0.19771980948556456,0,https://github.com/user_157,Uttar Pradesh,0,0,"react, fastapi Data Science project_impact:0.19771980948556456"
S00158,"c++, business analysis, nodejs",Data Science,28,0,0,0.3125988006457462,1,https://github.com/user_158,Tamil Nadu,0,1,"c++, business analysis, nodejs Data Science project_impact:0.3125988006457462"
S00159,"fastapi, nodejs",Backend Development,31,0,0,0.6565674590408515,0,,Gujarat,0,0,"fastapi, nodejs Backend Development project_impact:0.6565674590408515"
S00160,"sales, tableau",Mobile,21,0,0,0.22486375822485588,1,https://github.com/user_160,Punjab,0,0,"sales, tableau Mobile project_impact:0.22486375822485588"
S00161,"nodejs, graphql",Finance,25,0,0,0.05562504031343325,0,,Gujarat,1,1,"nodejs, graphql Finance project_impact:0.05562504031343325"
S00162,"excel, aws",Finance,21,1,0,0.2565354842346623,1,,Karnataka,1,1,"excel, aws Finance project_impact:0.2565354842346623"
S00163,"css, figma, finance",Product,22,0,0,0.09751460920149149,1,https://github.com/user_163,Telangana,1,0,"css, figma, finance Product project_impact:0.09751460920149149"
S00164,"excel, kubernetes, computer vision, react, docker",Data Science,21,0,0,0.3117116498349189,1,,Telangana,1,1,"excel, kubernetes, computer vision, react, docker Data Science project_impact:0.3117116498349189"
S00165,"powerbi, finance",Frontend Design,24,0,0,0.07729206598681003,0,https://github.com/user_165,Punjab,0,1,"powerbi, finance Frontend Design project_impact:0.07729206598681003"
S00166,"computer vision, spring, machine learning, gcp",Data Science,28,0,1,0.6302529997999631,1,https://github.com/user_166,Rajasthan,0,1,"computer vision, spring, machine learning, gcp Data Science project_impact:0.6302529997999631"
S00167,"css, java, kubernetes, machine learning, gcp",DevOps,25,0,0,0.4417740626282535,0,,Karnataka,1,0,"css, java, kubernetes, machine learning, gcp DevOps project_impact:0.4417740626282535"
S00168,"kubernetes, computer vision, react",Product,21,0,0,0.09096098642436964,1,https://github.com/user_168,Punjab,1,1,"kubernetes, computer vision, react Product project_impact:0.09096098642436964"
S00169,"nlp, css, r",Data Science,30,0,0,0.3574188448873081,1,,Tamil Nadu,0,1,"nlp, css, r Data Science project_impact:0.3574188448873081"
S00170,"python, excel, java, nodejs, nlp",Finance,20,0,1,0.4440996577566549,1,,Karnataka,1,0,"python, excel, java, nodejs, nlp Finance project_impact:0.4440996577566549"
S00171,"deep learning, marketing, gcp",Frontend Design,18,0,1,0.5489381406812898,0,https://github.com/user_171,Telangana,1,0,"deep learning, marketing, gcp Frontend Design project_impact:0.5489381406812898"
S00172,"python, machine learning",Mobile,23,1,0,0.30874984442096015,1,https://github.com/user_172,Gujarat,1,1,"python, machine learning Mobile project_impact:0.30874984442096015"
S00173,"kubernetes, figma",Backend Development,31,0,1,0.2634855755096844,1,,Gujarat,1,1,"kubernetes, figma Backend Development project_impact:0.2634855755096844"
S00174,"react, computer vision, excel",Data Science,30,0,1,0.22435020061350575,0,https://github.com/user_174,Karnataka,0,0,"react, computer vision, excel Data Science project_impact:0.22435020061350575"
S00175,"finance, ios, kubernetes",Product,29,0,0,0.09763972427310315,1,https://github.com/user_175,Tamil Nadu,0,1,"finance, ios, kubernetes Product project_impact:0.09763972427310315"
S00176,"sales, nodejs",Finance,18,0,0,0.08702044172927358,1,https://github.com/user_176,Rajasthan,0,1,"sales, nodejs Finance project_impact:0.08702044172927358"
S00177,"gcp, ios, kubernetes, tableau",Finance,25,0,0,0.5348241556731368,1,https://github.com/user_177,Kerala,0,1,"gcp, ios, kubernetes, tableau Finance project_impact:0.5348241556731368"
S00178,"marketing, gcp",DevOps,24,1,0,0.22365136604217645,1,https://github.com/user_178,Karnataka,0,0,"marketing, gcp DevOps project_impact:0.22365136604217645"
S00179,"sql, react, kubernetes, python",Backend Development,22,0,0,0.668933737329446,1,https://github.com/user_179,Tamil Nadu,0,1,"sql, react, kubernetes, python Backend Development project_impact:0.668933737329446"
S00180,"excel, kubernetes, business analysis, android, ux",Data Science,18,0,0,0.22348629440978882,1,,Telangana,0,1,"excel, kubernetes, business analysis, android, ux Data Science project_impact:0.22348629440978882"
S00181,"android, finance, graphql, aws",Frontend Design,26,0,1,0.3223242131879327,1,https://github.com/user_181,Maharashtra,0,1,"android, finance, graphql, aws Frontend Design project_impact:0.3223242131879327"
S00182,"spring, sales",DevOps,25,0,0,0.139454818471662,1,https://github.com/user_182,Karnataka,0,1,"spring, sales DevOps project_impact:0.139454818471662"
S00183,"java, excel, ios, business analysis, sql",Finance,31,0,1,0.19835580834393116,1,,Maharashtra,0,0,"java, excel, ios, business analysis, sql Finance project_impact:0.19835580834393116"
S00184,"aws, powerbi, nodejs, python",DevOps,25,0,0,0.3112342668257452,1,https://github.com/user_184,Gujarat,0,0,"aws, powerbi, nodejs, python DevOps project_impact:0.3112342668257452"
S00185,"graphql, python, ios",DevOps,30,0,0,0.2574453065910782,0,,Gujarat,0,1,"graphql, python, ios DevOps project_impact:0.2574453065910782"
S00186,"java, html, python, sql, ux",Finance,18,0,1,0.8351175715693151,1,https://github.com/user_186,Punjab,1,0,"java, html, python, sql, ux Finance project_impact:0.8351175715693151"
S00187,"docker, gcp, r",Marketing,28,0,0,0.14149844079775173,1,,Tamil Nadu,0,0,"docker, gcp, r Marketing project_impact:0.14149844079775173"
S00188,"machine learning, fastapi",Marketing,27,0,0,0.31201641287016296,1,https://github.com/user_188,Maharashtra,0,0,"machine learning, fastapi Marketing project_impact:0.31201641287016296"
S00189,"python, spring, docker, excel, deep learning",Finance,30,0,1,0.2107802303829135,0,https://github.com/user_189,Maharashtra,0,1,"python, spring, docker, excel, deep learning Finance project_impact:0.2107802303829135"
S00190,"finance, excel, aws, android",Finance,18,0,0,0.285946355476527,1,https://github.com/user_190,Punjab,0,1,"finance, excel, aws, android Finance project_impact:0.285946355476527"
S00191,"aws, tableau, fastapi",Marketing,22,0,1,0.6964089528845664,1,https://github.com/user_191,Punjab,0,0,"aws, tableau, fastapi Marketing project_impact:0.6964089528845664"
S00192,"css, docker, sql",Backend Development,21,0,0,0.30794415214784104,1,https://github.com/user_192,Uttar Pradesh,1,0,"css, docker, sql Backend Development project_impact:0.30794415214784104"
S00193,"spring, matlab, finance, figma",Data Science,25,0,0,0.4890585606239113,1,https://github.com/user_193,Uttar Pradesh,0,1,"spring, matlab, finance, figma Data Science project_impact:0.4890585606239113"
S00194,"ios, gcp, spring, computer vision",Marketing,19,0,1,0.48396720962957346,1,https://github.com/user_194,Uttar Pradesh,0,0,"ios, gcp, spring, computer vision Marketing project_impact:0.48396720962957346"
S00195,"machine learning, c++, nodejs, css, spring",Data Science,29,0,1,0.25094518330019955,1,,Uttar Pradesh,1,1,"machine learning, c++, nodejs, css, spring Data Science project_impact:0.25094518330019955"
S00196,"business analysis, computer vision, aws, spring",Mobile,30,0,1,0.3171888396142937,1,https://github.com/user_196,Tamil Nadu,1,0,"business analysis, computer vision, aws, spring Mobile project_impact:0.3171888396142937"
S00197,"marketing, r, react",Frontend Design,31,0,0,0.19470445270566303,0,https://github.com/user_197,Kerala,0,0,"marketing, r, react Frontend Design project_impact:0.19470445270566303"
S00198,"kubernetes, marketing, finance",Marketing,23,1,0,0.3079747698029928,1,https://github.com/user_198,Punjab,0,0,"kubernetes, marketing, finance Marketing project_impact:0.3079747698029928"
S00199,"docker, python",Product,20,0,0,0.37488340722395536,0,https://github.com/user_199,Karnataka,1,1,"docker, python Product project_impact:0.37488340722395536"
S00200,"machine learning, fastapi",Product,31,0,0,0.22096127202987823,1,,Punjab,0,1,"machine learning, fastapi Product project_impact:0.22096127202987823"
S00201,"python, fastapi, marketing",Frontend Design,27,0,1,0.0829577467991948,1,https://github.com/user_201,Gujarat,0,1,"python, fastapi, marketing Frontend Design project_impact:0.0829577467991948"
S00202,"sales, r",Product,20,0,0,0.3681206060229847,1,https://github.com/user_202,Uttar Pradesh,1,0,"sales, r Product project_impact:0.3681206060229847"
S00203,"kubernetes, ux",Backend Development,25,0,0,0.35647379908544713,0,,Kerala,0,1,"kubernetes, ux Backend Development project_impact:0.35647379908544713"
S00204,"spring, r, finance",Mobile,26,0,1,0.34082185988134206,1,,Rajasthan,0,1,"spring, r, finance Mobile project_impact:0.34082185988134206"
S00205,"machine learning, computer vision, docker, gcp, ios",Backend Development,24,0,0,0.2326674962445505,0,,Punjab,0,0,"machine learning, computer vision, docker, gcp, ios Backend Development project_impact:0.2326674962445505"
S00206,"css, nodejs, deep learning",Frontend Design,25,0,0,0.04626855161231996,1,,West Bengal,0,1,"css, nodejs, deep learning Frontend Design project_impact:0.04626855161231996"
S00207,"aws, figma, gcp, business analysis",DevOps,23,1,0,0.610856404643733,1,https://github.com/user_207,Punjab,1,0,"aws, figma, gcp, business analysis DevOps project_impact:0.610856404643733"
S00208,"sql, python",Frontend Design,18,0,0,0.1913391951726717,1,,West Bengal,1,0,"sql, python Frontend Design project_impact:0.1913391951726717"
S00209,"sales, powerbi",Marketing,31,0,0,0.6081909398163842,1,https://github.com/user_209,Karnataka,0,0,"sales, powerbi Marketing project_impact:0.6081909398163842"
S00210,"java, sales, ios, excel, excel",Backend Development,24,0,0,0.058716740943585886,0,,Uttar Pradesh,0,0,"java, sales, ios, excel, excel Backend Development project_impact:0.058716740943585886"
S00211,"deep learning, aws, docker, nodejs, figma",DevOps,28,0,1,0.34187790136908874,1,,West Bengal,0,0,"deep learning, aws, docker, nodejs, figma DevOps project_impact:0.34187790136908874"
S00212,"sales, figma, aws, html, graphql",DevOps,28,0,1,0.12860775073258437,1,https://github.com/user_212,Maharashtra,0,0,"sales, figma, aws, html, graphql DevOps project_impact:0.12860775073258437"
S00213,"fastapi, flask, sql",Finance,19,0,0,0.46953612033400116,1,https://github.com/user_213,Maharashtra,0,0,"fastapi, flask, sql Finance project_impact:0.46953612033400116"
S00214,"excel, sales",Product,21,0,0,0.09420645501177534,1,https://github.com/user_214,Maharashtra,0,1,"excel, sales Product project_impact:0.09420645501177534"
S00215,"matlab, tableau, figma",Product,25,0,0,0.094770608730731,0,,Rajasthan,0,0,"matlab, tableau, figma Product project_impact:0.094770608730731"
S00216,"ios, sql, android",Mobile,28,0,0,0.5002904077817417,0,,Kerala,0,0,"ios, sql, android Mobile project_impact:0.5002904077817417"
S00217,"sales, docker",Mobile,29,0,0,0.45039365798649406,1,,Karnataka,0,0,"sales, docker Mobile project_impact:0.45039365798649406"
S00218,"graphql, java, marketing",Marketing,26,0,0,0.3304658882287099,1,https://github.com/user_218,Telangana,0,1,"graphql, java, marketing Marketing project_impact:0.3304658882287099"
S00219,"flask, figma, python",Frontend Design,23,0,0,0.37546132125075377,1,https://github.com/user_219,Telangana,0,0,"flask, figma, python Frontend Design project_impact:0.37546132125075377"
S00220,"aws, gcp",Backend Development,22,0,1,0.17631621101122713,1,,Gujarat,1,0,"aws, gcp Backend Development project_impact:0.17631621101122713"
S00221,"r, computer vision, fastapi, sql, marketing",Finance,18,0,0,0.3059285290268354,1,https://github.com/user_221,Maharashtra,0,1,"r, computer vision, fastapi, sql, marketing Finance project_impact:0.3059285290268354"
S00222,"ux, sales, business analysis, gcp",Backend Development,20,0,1,0.5314635141072818,0,,Gujarat,0,1,"ux, sales, business analysis, gcp Backend Development project_impact:0.5314635141072818"
S00223,"css, excel",Mobile,21,0,0,0.32555577065950103,1,https://github.com/user_223,Kerala,0,1,"css, excel Mobile project_impact:0.32555577065950103"
S00224,"java, c++, gcp",Frontend Design,20,0,0,0.6975315552702251,1,https://github.com/user_224,Uttar Pradesh,0,0,"java, c++, gcp Frontend Design project_impact:0.6975315552702251"
S00225,"java, excel, powerbi, r, business analysis",Product,21,0,0,0.4910073241271487,0,,Gujarat,0,1,"java, excel, powerbi, r, business analysis Product project_impact:0.4910073241271487"
S00226,"excel, nlp, python, css",Backend Development,25,0,0,0.36052497262781535,0,,West Bengal,0,1,"excel, nlp, python, css Backend Development project_impact:0.36052497262781535"
S00227,"figma, powerbi, machine learning, excel",Frontend Design,28,0,0,0.709829596281496,0,,Karnataka,1,0,"figma, powerbi, machine learning, excel Frontend Design project_impact:0.709829596281496"
S00228,"gcp, html, tableau, kubernetes, computer vision",DevOps,27,0,0,0.5460085796063187,0,https://github.com/user_228,Gujarat,0,1,"gcp, html, tableau, kubernetes, computer vision DevOps project_impact:0.5460085796063187"
S00229,"computer vision, css, figma, c++, machine learning",Marketing,30,0,0,0.30324405150251343,1,https://github.com/user_229,Karnataka,0,1,"computer vision, css, figma, c++, machine learning Marketing project_impact:0.30324405150251343"
S00230,"docker, machine learning",Product,29,1,0,0.35777754279635976,1,,Maharashtra,0,1,"docker, machine learning Product project_impact:0.35777754279635976"
S00231,"marketing, c++, docker",Product,28,0,0,0.13401130563141883,1,,Uttar Pradesh,1,1,"marketing, c++, docker Product project_impact:0.13401130563141883"
S00232,"matlab, docker, finance, ux",Product,19,0,0,0.2812017148005333,1,,Maharashtra,0,1,"matlab, docker, finance, ux Product project_impact:0.2812017148005333"
S00233,"excel, flask",Data Science,23,1,0,0.7001506052185763,0,https://github.com/user_233,Gujarat,0,0,"excel, flask Data Science project_impact:0.7001506052185763"
S00234,"java, tableau, ux",Data Science,27,1,0,0.5409778918465074,1,https://github.com/user_234,Telangana,0,0,"java, tableau, ux Data Science project_impact:0.5409778918465074"
S00235,"java, nlp, matlab, gcp, fastapi",DevOps,22,0,1,0.06620444076839188,0,,Rajasthan,1,0,"java, nlp, matlab, gcp, fastapi DevOps project_impact:0.06620444076839188"
S00236,"fastapi, excel, ux",Product,30,0,1,0.4671662585292762,1,,Maharashtra,1,1,"fastapi, excel, ux Product project_impact:0.4671662585292762"
S00237,"graphql, nlp",Product,26,0,1,0.19977087986735384,0,https://github.com/user_237,Uttar Pradesh,0,0,"graphql, nlp Product project_impact:0.19977087986735384"
S00238,"html, aws, c++, matlab, nodejs",Data Science,22,0,0,0.12433118639082426,1,https://github.com/user_238,West Bengal,0,0,"html, aws, c++, matlab, nodejs Data Science project_impact:0.12433118639082426"
S00239,"tableau, marketing, nodejs, ux",Mobile,29,0,1,0.19048558222880277,0,https://github.com/user_239,Kerala,0,0,"tableau, marketing, nodejs, ux Mobile project_impact:0.19048558222880277"
S00240,"figma, deep learning, computer vision",Frontend Design,24,0,0,0.3980182500704607,1,https://github.com/user_240,Punjab,0,0,"figma, deep learning, computer vision Frontend Design project_impact:0.3980182500704607"
S00241,"machine learning, spring",Marketing,23,0,0,0.5886245557173627,1,,Gujarat,0,0,"machine learning, spring Marketing project_impact:0.5886245557173627"
S00242,"flask, android, ios, c++, ux",Backend Development,25,1,0,0.13451979721218105,1,https://github.com/user_242,Kerala,1,1,"flask, android, ios, c++, ux Backend Development project_impact:0.13451979721218105"
S00243,"spring, html",DevOps,30,1,0,0.36768207803208225,1,,Telangana,0,1,"spring, html DevOps project_impact:0.36768207803208225"
S00244,"spring, computer vision, r",Backend Development,25,0,1,0.07371298559401544,1,,Gujarat,0,1,"spring, computer vision, r Backend Development project_impact:0.07371298559401544"
S00245,"figma, html, excel, gcp",Mobile,26,0,0,0.38044441587953254,0,,Punjab,0,1,"figma, html, excel, gcp Mobile project_impact:0.38044441587953254"
S00246,"flask, gcp, android",Backend Development,18,0,0,0.33557090526229955,1,,Telangana,0,0,"flask, gcp, android Backend Development project_impact:0.33557090526229955"
S00247,"machine learning, matlab, ios, css",Mobile,29,0,1,0.2315576982097372,1,,West Bengal,0,1,"machine learning, matlab, ios, css Mobile project_impact:0.2315576982097372"
S00248,"graphql, excel, ios, marketing",Mobile,31,1,0,0.5912300301661125,1,,Rajasthan,0,0,"graphql, excel, ios, marketing Mobile project_impact:0.5912300301661125"
S00249,"spring, computer vision",Marketing,18,0,1,0.06678520513131934,0,https://github.com/user_249,Karnataka,0,1,"spring, computer vision Marketing project_impact:0.06678520513131934"
S00250,"java, marketing, kubernetes, finance",Finance,20,0,0,0.16394134420338133,1,,Telangana,0,0,"java, marketing, kubernetes, finance Finance project_impact:0.16394134420338133"
S00251,"deep learning, matlab, spring, react, sales",Marketing,23,0,0,0.13674913918007528,1,,Punjab,0,1,"deep learning, matlab, spring, react, sales Marketing project_impact:0.13674913918007528"
S00252,"r, computer vision, sql, react, java",Backend Development,25,1,0,0.11890082695344166,1,https://github.com/user_252,Uttar Pradesh,0,0,"r, computer vision, sql, react, java Backend Development project_impact:0.11890082695344166"
S00253,"css, sql, flask, java",Frontend Design,18,0,0,0.2789773747644949,1,,Uttar Pradesh,0,0,"css, sql, flask, java Frontend Design project_impact:0.2789773747644949"
S00254,"aws, kubernetes",Mobile,30,0,0,0.09324014856368189,1,https://github.com/user_254,Gujarat,0,0,"aws, kubernetes Mobile project_impact:0.09324014856368189"
S00255,"excel, machine learning, excel, business analysis, html",Marketing,25,0,0,0.47786081117415935,1,https://github.com/user_255,Uttar Pradesh,0,0,"excel, machine learning, excel, business analysis, html Marketing project_impact:0.47786081117415935"
S00256,"html, powerbi, spring",Data Science,19,0,0,0.1397822653724284,1,https://github.com/user_256,Uttar Pradesh,0,1,"html, powerbi, spring Data Science project_impact:0.1397822653724284"
S00257,"ux, excel, react, sql, r",Frontend Design,21,0,0,0.1263149982795887,1,,Tamil Nadu,0,1,"ux, excel, react, sql, r Frontend Design project_impact:0.1263149982795887"
S00258,"r, business analysis, ux, deep learning",Data Science,27,0,1,0.641275280495208,1,,Uttar Pradesh,0,0,"r, business analysis, ux, deep learning Data Science project_impact:0.641275280495208"
S00259,"nodejs, ios, deep learning, sql",DevOps,26,0,0,0.47815813347639485,0,https://github.com/user_259,Uttar Pradesh,1,1,"nodejs, ios, deep learning, sql DevOps project_impact:0.47815813347639485"
S00260,"css, html, aws, fastapi, r",Data Science,29,0,0,0.3307260622054329,1,,Gujarat,0,0,"css, html, aws, fastapi, r Data Science project_impact:0.3307260622054329"
S00261,"java, machine learning, c++, matlab",Marketing,25,0,0,0.2486417803049886,1,https://github.com/user_261,Gujarat,0,0,"java, machine learning, c++, matlab Marketing project_impact:0.2486417803049886"
S00262,"ux, computer vision, sql",Product,20,0,0,0.4549524813159893,0,https://github.com/user_262,West Bengal,0,0,"ux, computer vision, sql Product project_impact:0.4549524813159893"
S00263,"react, nodejs, matlab, nlp",Mobile,22,0,0,0.5681638977118764,1,,West Bengal,0,0,"react, nodejs, matlab, nlp Mobile project_impact:0.5681638977118764"
S00264,"figma, java, spring, machine learning, nlp",Mobile,26,0,0,0.27729139740373354,1,,Gujarat,1,1,"figma, java, spring, machine learning, nlp Mobile project_impact:0.27729139740373354"
S00265,"sales, html, tableau",Frontend Design,20,0,1,0.4014762981578204,1,,Telangana,0,0,"sales, html, tableau Frontend Design project_impact:0.4014762981578204"
S00266,"html, graphql, deep learning, computer vision",Backend Development,18,0,0,0.54388587513007,1,,Karnataka,0,1,"html, graphql, deep learning, computer vision Backend Development project_impact:0.54388587513007"
S00267,"android, docker, css, excel",DevOps,25,0,0,0.13778520706728273,1,https://github.com/user_267,Rajasthan,0,1,"android, docker, css, excel DevOps project_impact:0.13778520706728273"
S00268,"ux, figma",Frontend Design,27,0,0,0.4565093366193773,1,,Maharashtra,0,0,"ux, figma Frontend Design project_impact:0.4565093366193773"
S00269,"sql, html, deep learning, nlp",Backend Development,24,1,1,0.6844829903165668,1,,Telangana,0,0,"sql, html, deep learning, nlp Backend Development project_impact:0.6844829903165668"
S00270,"excel, sql, gcp, flask, html",DevOps,31,0,0,0.29549512093962016,1,,Punjab,0,0,"excel, sql, gcp, flask, html DevOps project_impact:0.29549512093962016"
S00271,"figma, aws, powerbi, spring",Frontend Design,25,0,0,0.5789928967038358,1,https://github.com/user_271,Telangana,1,1,"figma, aws, powerbi, spring Frontend Design project_impact:0.5789928967038358"
S00272,"computer vision, ux, business analysis, r, excel",Backend Development,26,0,0,0.4053978762048292,1,,Gujarat,0,0,"computer vision, ux, business analysis, r, excel Backend Development project_impact:0.4053978762048292"
S00273,"html, r, c++, finance, excel",Product,20,0,0,0.486447136253856,0,https://github.com/user_273,Uttar Pradesh,0,0,"html, r, c++, finance, excel Product project_impact:0.486447136253856"
S00274,"marketing, sql",Data Science,19,0,0,0.04886381901003701,1,https://github.com/user_274,Maharashtra,1,1,"marketing, sql Data Science project_impact:0.04886381901003701"
S00275,"ux, css, figma, graphql",Backend Development,28,0,0,0.4437277414295595,1,,Uttar Pradesh,1,1,"ux, css, figma, graphql Backend Development project_impact:0.4437277414295595"
S00276,"powerbi, nlp, gcp, sales, marketing",Mobile,22,0,0,0.4788478436986875,0,https://github.com/user_276,Punjab,0,0,"powerbi, nlp, gcp, sales, marketing Mobile project_impact:0.4788478436986875"
S00277,"r, html",Finance,25,0,1,0.1623021555838519,0,https://github.com/user_277,West Bengal,0,1,"r, html Finance project_impact:0.1623021555838519"
S00278,"css, sql, aws, nodejs",Finance,29,0,1,0.30540101922765406,1,,Punjab,0,0,"css, sql, aws, nodejs Finance project_impact:0.30540101922765406"
S00279,"docker, graphql, kubernetes, aws",DevOps,27,0,0,0.046868566358804355,1,,Punjab,0,0,"docker, graphql, kubernetes, aws DevOps project_impact:0.046868566358804355"
S00280,"react, powerbi",Mobile,20,0,0,0.5196017910370538,1,https://github.com/user_280,Kerala,0,1,"react, powerbi Mobile project_impact:0.5196017910370538"
S00281,"tableau, android, sql, computer vision, fastapi",Finance,26,0,0,0.3366420777412546,1,,Punjab,0,1,"tableau, android, sql, computer vision, fastapi Finance project_impact:0.3366420777412546"
S00282,"c++, html",Backend Development,27,0,0,0.3714692400775454,0,https://github.com/user_282,Gujarat,0,0,"c++, html Backend Development project_impact:0.3714692400775454"
S00283,"tableau, figma",Data Science,27,0,0,0.22597989937293164,1,https://github.com/user_283,West Bengal,1,1,"tableau, figma Data Science project_impact:0.22597989937293164"
S00284,"sales, machine learning",Product,26,0,0,0.2669301003113194,1,https://github.com/user_284,Tamil Nadu,0,0,"sales, machine learning Product project_impact:0.2669301003113194"
S00285,"c++, python, flask, deep learning",Finance,28,0,0,0.037472792704690006,0,https://github.com/user_285,West Bengal,0,0,"c++, python, flask, deep learning Finance project_impact:0.037472792704690006"
S00286,"figma, business analysis",Product,28,0,0,0.14014440763724936,1,,Uttar Pradesh,0,0,"figma, business analysis Product project_impact:0.14014440763724936"
S00287,"business analysis, finance",Backend Development,20,0,0,0.20423248521647638,0,,Rajasthan,0,1,"business analysis, finance Backend Development project_impact:0.20423248521647638"
S00288,"sql, kubernetes",Product,27,0,0,0.4569160114236343,0,,Uttar Pradesh,0,0,"sql, kubernetes Product project_impact:0.4569160114236343"
S00289,"flask, ios, ux, finance, matlab",DevOps,22,0,1,0.47968801466987776,1,,Gujarat,0,1,"flask, ios, ux, finance, matlab DevOps project_impact:0.47968801466987776"
S00290,"kubernetes, tableau, computer vision",Product,21,0,1,0.3405472840141194,0,https://github.com/user_290,Uttar Pradesh,1,1,"kubernetes, tableau, computer vision Product project_impact:0.3405472840141194"
S00291,"python, powerbi",Mobile,23,0,0,0.13049674676645406,1,,Punjab,0,0,"python, powerbi Mobile project_impact:0.13049674676645406"
S00292,"nodejs, android, excel",Mobile,27,0,1,0.30346720413484063,1,https://github.com/user_292,Kerala,0,0,"nodejs, android, excel Mobile project_impact:0.30346720413484063"
S00293,"sales, gcp, tableau, nlp, java",Product,30,0,0,0.5417287235270173,1,,Punjab,0,1,"sales, gcp, tableau, nlp, java Product project_impact:0.5417287235270173"
S00294,"gcp, aws, flask, kubernetes",Frontend Design,23,0,0,0.29387507105869864,1,,Tamil Nadu,0,1,"gcp, aws, flask, kubernetes Frontend Design project_impact:0.29387507105869864"
S00295,"spring, aws, react, android",Data Science,29,0,0,0.4379214572450201,1,,Telangana,0,1,"spring, aws, react, android Data Science project_impact:0.4379214572450201"
S00296,"kubernetes, docker",DevOps,29,0,0,0.41641613407841804,1,https://github.com/user_296,Rajasthan,0,0,"kubernetes, docker DevOps project_impact:0.41641613407841804"
S00297,"computer vision, excel, sales",Product,18,0,1,0.1985072769860654,1,https://github.com/user_297,Gujarat,0,0,"computer vision, excel, sales Product project_impact:0.1985072769860654"
S00298,"docker, machine learning, deep learning, nodejs",Marketing,27,0,0,0.14855746509322396,1,https://github.com/user_298,Rajasthan,0,1,"docker, machine learning, deep learning, nodejs Marketing project_impact:0.14855746509322396"
S00299,"ux, machine learning, figma, react",Finance,30,0,0,0.1737132956560593,1,https://github.com/user_299,Uttar Pradesh,0,0,"ux, machine learning, figma, react Finance project_impact:0.1737132956560593"
S00300,"tableau, deep learning, c++, docker, business analysis",Data Science,26,0,1,0.4632539924084907,1,,Tamil Nadu,1,0,"tableau, deep learning, c++, docker, business analysis Data Science project_impact:0.4632539924084907"
S00301,"html, r, python",Finance,20,0,0,0.6563773307642026,1,https://github.com/user_301,Maharashtra,0,1,"html, r, python Finance project_impact:0.6563773307642026"
S00302,"excel, fastapi",DevOps,26,0,1,0.35108723922176066,1,,Rajasthan,0,0,"excel, fastapi DevOps project_impact:0.35108723922176066"
S00303,"tableau, excel, gcp, business analysis, machine learning",Marketing,19,0,0,0.30965186972675696,1,,Rajasthan,0,0,"tableau, excel, gcp, business analysis, machine learning Marketing project_impact:0.30965186972675696"
S00304,"android, powerbi",Finance,19,0,1,0.5837917834842447,1,https://github.com/user_304,Punjab,0,0,"android, powerbi Finance project_impact:0.5837917834842447"
S00305,"tableau, ux",Frontend Design,29,0,1,0.17182271074406286,0,https://github.com/user_305,Tamil Nadu,0,0,"tableau, ux Frontend Design project_impact:0.17182271074406286"
S00306,"docker, fastapi, machine learning, nodejs",Data Science,30,0,0,0.3642643809684165,0,,Karnataka,0,0,"docker, fastapi, machine learning, nodejs Data Science project_impact:0.3642643809684165"
S00307,"spring, machine learning, powerbi, ios",Mobile,23,1,0,0.15818476169608284,1,,West Bengal,0,0,"spring, machine learning, powerbi, ios Mobile project_impact:0.15818476169608284"
S00308,"ios, python, sales",Marketing,19,0,0,0.5927326862905717,0,,Rajasthan,0,1,"ios, python, sales Marketing project_impact:0.5927326862905717"
S00309,"fastapi, aws, react, deep learning",Finance,24,1,1,0.5414016472753949,1,https://github.com/user_309,Gujarat,1,0,"fastapi, aws, react, deep learning Finance project_impact:0.5414016472753949"
S00310,"sales, c++, nodejs",Marketing,30,0,0,0.25298124952179635,0,https://github.com/user_310,Uttar Pradesh,0,0,"sales, c++, nodejs Marketing project_impact:0.25298124952179635"
S00311,"business analysis, java",DevOps,19,0,0,0.4633939053951723,1,,Punjab,1,1,"business analysis, java DevOps project_impact:0.4633939053951723"
S00312,"c++, marketing, android, fastapi",Backend Development,20,0,1,0.29154088864943384,1,https://github.com/user_312,Rajasthan,0,0,"c++, marketing, android, fastapi Backend Development project_impact:0.29154088864943384"
S00313,"marketing, aws, tableau, finance",Backend Development,26,0,0,0.32574709045381683,1,,Telangana,0,1,"marketing, aws, tableau, finance Backend Development project_impact:0.32574709045381683"
S00314,"python, c++, java, finance, powerbi",Mobile,31,1,0,0.22692799684183812,1,https://github.com/user_314,Kerala,0,0,"python, c++, java, finance, powerbi Mobile project_impact:0.22692799684183812"
S00315,"ux, excel, powerbi, deep learning",DevOps,25,0,1,0.22538386913909791,0,https://github.com/user_315,Punjab,0,1,"ux, excel, powerbi, deep learning DevOps project_impact:0.22538386913909791"
S00316,"java, business analysis",Marketing,28,0,1,0.3167131871588525,0,,Punjab,0,0,"java, business analysis Marketing project_impact:0.3167131871588525"
S00317,"css, aws, r, docker, matlab",Product,28,0,0,0.209160341181741,1,https://github.com/user_317,Punjab,1,0,"css, aws, r, docker, matlab Product project_impact:0.209160341181741"
S00318,"c++, r, android, sql, figma",Product,22,0,1,0.2411290575691843,1,,Rajasthan,1,0,"c++, r, android, sql, figma Product project_impact:0.2411290575691843"
S00319,"excel, sales",Data Science,31,1,0,0.33813894581025283,1,,Punjab,1,1,"excel, sales Data Science project_impact:0.33813894581025283"
S00320,"react, fastapi, python, flask",Product,26,0,1,0.13350009964855952,1,,Maharashtra,1,0,"react, fastapi, python, flask Product project_impact:0.13350009964855952"
S00321,"spring, machine learning",Finance,28,0,0,0.2333574111544766,1,https://github.com/user_321,Uttar Pradesh,1,0,"spring, machine learning Finance project_impact:0.2333574111544766"
S00322,"tableau, finance",Frontend Design,25,0,0,0.21646518779093515,1,,Tamil Nadu,0,0,"tableau, finance Frontend Design project_impact:0.21646518779093515"
S00323,"nodejs, react, docker, aws, deep learning",Finance,19,1,0,0.3027666546388716,1,,Maharashtra,0,1,"nodejs, react, docker, aws, deep learning Finance project_impact:0.3027666546388716"
S00324,"powerbi, nodejs",Marketing,22,0,1,0.418527039919777,1,,Maharashtra,0,0,"powerbi, nodejs Marketing project_impact:0.418527039919777"
S00325,"android, ux, computer vision",Backend Development,19,0,0,0.30630761693452413,0,https://github.com/user_325,Telangana,0,0,"android, ux, computer vision Backend Development project_impact:0.30630761693452413"
S00326,"css, powerbi, react, ux",Mobile,23,0,0,0.3790417874269692,1,https://github.com/user_326,Karnataka,0,1,"css, powerbi, react, ux Mobile project_impact:0.3790417874269692"
S00327,"gcp, nodejs, c++, react, css",Backend Development,20,0,0,0.4607747108208155,1,,Rajasthan,1,1,"gcp, nodejs, c++, react, css Backend Development project_impact:0.4607747108208155"
S00328,"deep learning, kubernetes, react",Data Science,25,1,0,0.6053059117834702,1,https://github.com/user_328,Telangana,0,0,"deep learning, kubernetes, react Data Science project_impact:0.6053059117834702"
S00329,"sales, kubernetes",Product,20,0,0,0.5327057735975531,1,,Rajasthan,0,1,"sales, kubernetes Product project_impact:0.5327057735975531"
S00330,"figma, marketing, graphql, tableau, matlab",Mobile,27,0,0,0.36805878729673275,0,,Rajasthan,1,1,"figma, marketing, graphql, tableau, matlab Mobile project_impact:0.36805878729673275"
S00331,"business analysis, sql, aws, powerbi, python",DevOps,19,1,1,0.5648213592847782,1,,Punjab,1,0,"business analysis, sql, aws, powerbi, python DevOps project_impact:0.5648213592847782"
S00332,"figma, c++, fastapi",Frontend Design,24,0,1,0.10635894361706151,1,,Punjab,1,0,"figma, c++, fastapi Frontend Design project_impact:0.10635894361706151"
S00333,"flask, java, ux, nodejs, html",Frontend Design,24,0,0,0.5537306458782838,0,https://github.com/user_333,Rajasthan,0,0,"flask, java, ux, nodejs, html Frontend Design project_impact:0.5537306458782838"
S00334,"computer vision, powerbi, marketing",Mobile,21,0,0,0.35464325002334307,1,,Karnataka,1,1,"computer vision, powerbi, marketing Mobile project_impact:0.35464325002334307"
S00335,"c++, machine learning, deep learning, figma",Marketing,26,1,0,0.4131100535077138,0,,Punjab,0,1,"c++, machine learning, deep learning, figma Marketing project_impact:0.4131100535077138"
S00336,"ux, tableau, fastapi",Mobile,26,0,0,0.2583838048098944,0,,Karnataka,0,1,"ux, tableau, fastapi Mobile project_impact:0.2583838048098944"
S00337,"deep learning, java, sales, nodejs, excel",Data Science,26,0,1,0.33930510807449804,1,,Maharashtra,0,0,"deep learning, java, sales, nodejs, excel Data Science project_impact:0.33930510807449804"
S00338,"nlp, python, computer vision, spring",Marketing,22,0,0,0.05082986826053233,0,,West Bengal,0,0,"nlp, python, computer vision, spring Marketing project_impact:0.05082986826053233"
S00339,"android, flask",Backend Development,30,0,1,0.40967495701356255,1,https://github.com/user_339,Kerala,0,0,"android, flask Backend Development project_impact:0.40967495701356255"
S00340,"python, kubernetes",Marketing,25,0,1,0.498249860761504,0,https://github.com/user_340,Telangana,1,0,"python, kubernetes Marketing project_impact:0.498249860761504"
S00341,"react, excel, sales, aws, tableau",Frontend Design,22,0,0,0.6311225570592185,1,,Telangana,0,0,"react, excel, sales, aws, tableau Frontend Design project_impact:0.6311225570592185"
S00342,"python, android, ios",Backend Development,28,0,0,0.27708894571418097,1,,Rajasthan,1,0,"python, android, ios Backend Development project_impact:0.27708894571418097"
S00343,"aws, sales, ios, machine learning",Product,21,0,1,0.26532720946290206,0,https://github.com/user_343,Uttar Pradesh,1,0,"aws, sales, ios, machine learning Product project_impact:0.26532720946290206"
S00344,"fastapi, react, nlp",DevOps,21,0,0,0.057144042762815726,1,,Gujarat,0,0,"fastapi, react, nlp DevOps project_impact:0.057144042762815726"
S00345,"c++, sql, html",DevOps,20,0,0,0.7324062616256644,1,https://github.com/user_345,Telangana,1,0,"c++, sql, html DevOps project_impact:0.7324062616256644"
S00346,"graphql, matlab",Mobile,18,0,0,0.1832849063949426,0,https://github.com/user_346,West Bengal,0,0,"graphql, matlab Mobile project_impact:0.1832849063949426"
S00347,"powerbi, marketing",Product,30,0,1,0.4963514509792189,1,,Karnataka,0,1,"powerbi, marketing Product project_impact:0.4963514509792189"
S00348,"excel, marketing",Frontend Design,21,0,0,0.4788349737610069,1,,Kerala,0,0,"excel, marketing Frontend Design project_impact:0.4788349737610069"
S00349,"c++, android, spring, graphql, marketing",Product,31,0,0,0.2795605491882355,0,,Punjab,0,0,"c++, android, spring, graphql, marketing Product project_impact:0.2795605491882355"
S00350,"react, business analysis, nodejs, tableau",Marketing,28,0,0,0.22185334182235258,1,,Punjab,0,0,"react, business analysis, nodejs, tableau Marketing project_impact:0.22185334182235258"
S00351,"android, machine learning, c++, flask, nlp",Backend Development,30,0,0,0.2441039195389182,1,https://github.com/user_351,Maharashtra,0,0,"android, machine learning, c++, flask, nlp Backend Development project_impact:0.2441039195389182"
S00352,"r, excel, docker",DevOps,24,0,0,0.27518558389003317,1,,Telangana,1,0,"r, excel, docker DevOps project_impact:0.27518558389003317"
S00353,"powerbi, kubernetes, tableau, excel, java",Marketing,26,1,0,0.18725073572894194,1,,Karnataka,0,0,"powerbi, kubernetes, tableau, excel, java Marketing project_impact:0.18725073572894194"
S00354,"machine learning, matlab",Marketing,21,0,0,0.3309168028919065,1,,West Bengal,1,0,"machine learning, matlab Marketing project_impact:0.3309168028919065"
S00355,"react, finance",Marketing,26,0,0,0.24954961309361218,1,,Punjab,0,0,"react, finance Marketing project_impact:0.24954961309361218"
S00356,"flask, deep learning, powerbi",DevOps,20,0,1,0.6193350051394472,1,https://github.com/user_356,Gujarat,1,0,"flask, deep learning, powerbi DevOps project_impact:0.6193350051394472"
S00357,"aws, react, c++, excel",Data Science,24,0,0,0.14046790687138522,1,https://github.com/user_357,West Bengal,0,0,"aws, react, c++, excel Data Science project_impact:0.14046790687138522"
S00358,"docker, ios, business analysis, kubernetes, gcp",Mobile,29,0,1,0.6722712470040286,1,,Karnataka,0,0,"docker, ios, business analysis, kubernetes, gcp Mobile project_impact:0.6722712470040286"
S00359,"gcp, computer vision, nodejs",Data Science,30,0,1,0.4043476196341653,1,,Telangana,1,1,"gcp, computer vision, nodejs Data Science project_impact:0.4043476196341653"
S00360,"powerbi, excel, sales",Backend Development,26,0,0,0.4395340548892924,1,,Rajasthan,0,0,"powerbi, excel, sales Backend Development project_impact:0.4395340548892924"
S00361,"marketing, finance",Backend Development,18,1,0,0.31320346977426766,1,https://github.com/user_361,West Bengal,0,0,"marketing, finance Backend Development project_impact:0.31320346977426766"
S00362,"aws, ux, docker, computer vision, c++",DevOps,21,0,1,0.2404131939497187,1,,Punjab,0,0,"aws, ux, docker, computer vision, c++ DevOps project_impact:0.2404131939497187"
S00363,"finance, kubernetes, nlp",Finance,23,1,0,0.18550189860137514,1,,Maharashtra,0,0,"finance, kubernetes, nlp Finance project_impact:0.18550189860137514"
S00364,"figma, computer vision, finance, html, spring",Data Science,27,0,0,0.1475959250391239,1,https://github.com/user_364,Maharashtra,1,0,"figma, computer vision, finance, html, spring Data Science project_impact:0.1475959250391239"
S00365,"computer vision, excel, css",Finance,25,0,0,0.3322361961941985,1,,Telangana,1,0,"computer vision, excel, css Finance project_impact:0.3322361961941985"
S00366,"html, deep learning, r",Data Science,23,0,0,0.28231834205576506,0,https://github.com/user_366,Tamil Nadu,0,0,"html, deep learning, r Data Science project_impact:0.28231834205576506"
S00367,"tableau, deep learning",Marketing,24,0,0,0.10901459573787117,0,https://github.com/user_367,Punjab,0,1,"tableau, deep learning Marketing project_impact:0.10901459573787117"
S00368,"ios, fastapi",Product,31,0,0,0.18479909358308372,1,https://github.com/user_368,Rajasthan,0,1,"ios, fastapi Product project_impact:0.18479909358308372"
S00369,"figma, nodejs, marketing",Data Science,25,0,0,0.8291111804849325,1,,Uttar Pradesh,0,0,"figma, nodejs, marketing Data Science project_impact:0.8291111804849325"
S00370,"html, kubernetes, react, excel",Backend Development,31,1,1,0.15981347750988387,0,,Punjab,0,1,"html, kubernetes, react, excel Backend Development project_impact:0.15981347750988387"
S00371,"python, figma, android, marketing, machine learning",Marketing,29,1,1,0.05208774475335056,1,https://github.com/user_371,Maharashtra,1,1,"python, figma, android, marketing, machine learning Marketing project_impact:0.05208774475335056"
S00372,"html, ux, r, ios",Frontend Design,19,0,0,0.2860428542929167,1,https://github.com/user_372,Tamil Nadu,1,1,"html, ux, r, ios Frontend Design project_impact:0.2860428542929167"
S00373,"flask, css, spring, aws, machine learning",DevOps,27,1,0,0.17946460158139926,1,https://github.com/user_373,Punjab,0,1,"flask, css, spring, aws, machine learning DevOps project_impact:0.17946460158139926"
S00374,"figma, sql, html, powerbi, python",Frontend Design,28,1,0,0.24676458230839127,0,,Kerala,0,1,"figma, sql, html, powerbi, python Frontend Design project_impact:0.24676458230839127"
S00375,"ux, android, html, spring",Backend Development,29,0,1,0.39938137958841874,1,https://github.com/user_375,Tamil Nadu,1,1,"ux, android, html, spring Backend Development project_impact:0.39938137958841874"
S00376,"finance, machine learning, aws, react, business analysis",Product,19,0,0,0.20337724718127834,1,https://github.com/user_376,Punjab,1,0,"finance, machine learning, aws, react, business analysis Product project_impact:0.20337724718127834"
S00377,"html, gcp, finance",DevOps,31,0,1,0.21724224346188573,1,https://github.com/user_377,Kerala,0,1,"html, gcp, finance DevOps project_impact:0.21724224346188573"
S00378,"sql, business analysis, java, aws",Frontend Design,31,0,0,0.18820975592009623,1,https://github.com/user_378,Uttar Pradesh,0,0,"sql, business analysis, java, aws Frontend Design project_impact:0.18820975592009623"
S00379,"figma, python, flask",Frontend Design,30,0,1,0.2663128846914443,1,,Punjab,1,1,"figma, python, flask Frontend Design project_impact:0.2663128846914443"
S00380,"finance, fastapi, spring, tableau, business analysis",Backend Development,27,0,0,0.40995123413746654,1,,Telangana,0,0,"finance, fastapi, spring, tableau, business analysis Backend Development project_impact:0.40995123413746654"
S00381,"deep learning, marketing, spring, react",Backend Development,24,0,0,0.5122759223788081,0,https://github.com/user_381,Karnataka,1,0,"deep learning, marketing, spring, react Backend Development project_impact:0.5122759223788081"
S00382,"sql, spring, deep learning",Mobile,18,0,0,0.0543167752061269,1,,Kerala,0,0,"sql, spring, deep learning Mobile project_impact:0.0543167752061269"
S00383,"python, computer vision, sql, c++, marketing",Product,19,0,0,0.3163044238298419,1,,Maharashtra,0,0,"python, computer vision, sql, c++, marketing Product project_impact:0.3163044238298419"
S00384,"nodejs, fastapi, nlp",DevOps,31,0,0,0.35681136270350994,1,https://github.com/user_384,Punjab,0,0,"nodejs, fastapi, nlp DevOps project_impact:0.35681136270350994"
S00385,"css, matlab, fastapi, java",Backend Development,28,0,1,0.27052113511230025,0,https://github.com/user_385,Tamil Nadu,0,0,"css, matlab, fastapi, java Backend Development project_impact:0.27052113511230025"
S00386,"html, graphql, c++, android",Product,18,0,0,0.322161852243826,1,,Telangana,0,0,"html, graphql, c++, android Product project_impact:0.322161852243826"
S00387,"docker, graphql, excel",DevOps,24,0,0,0.38217028907604156,1,,Kerala,0,1,"docker, graphql, excel DevOps project_impact:0.38217028907604156"
S00388,"powerbi, graphql, docker, css",Mobile,27,0,1,0.30562624223529417,0,,Rajasthan,0,0,"powerbi, graphql, docker, css Mobile project_impact:0.30562624223529417"
S00389,"excel, ios",Frontend Design,30,0,0,0.3347056855019171,1,https://github.com/user_389,Tamil Nadu,0,0,"excel, ios Frontend Design project_impact:0.3347056855019171"
S00390,"sales, flask, aws, ios, r",Data Science,21,0,0,0.07179020926276604,1,https://github.com/user_390,Karnataka,0,0,"sales, flask, aws, ios, r Data Science project_impact:0.07179020926276604"
S00391,"machine learning, matlab, docker",Backend Development,26,0,0,0.5792564887896072,1,https://github.com/user_391,Karnataka,0,0,"machine learning, matlab, docker Backend Development project_impact:0.5792564887896072"
S00392,"ux, excel, kubernetes, business analysis",DevOps,19,1,0,0.5245537374295988,1,https://github.com/user_392,Gujarat,0,1,"ux, excel, kubernetes, business analysis DevOps project_impact:0.5245537374295988"
S00393,"html, business analysis, sales",DevOps,28,0,0,0.509068042559887,1,,West Bengal,0,1,"html, business analysis, sales DevOps project_impact:0.509068042559887"
S00394,"css, r, excel",Backend Development,18,0,1,0.2551585504385397,0,,Kerala,0,1,"css, r, excel Backend Development project_impact:0.2551585504385397"
S00395,"ux, sales, css, kubernetes",Backend Development,24,0,1,0.24323614491500223,1,https://github.com/user_395,Punjab,0,0,"ux, sales, css, kubernetes Backend Development project_impact:0.24323614491500223"
S00396,"sales, computer vision",DevOps,28,0,0,0.3214685937560503,1,,Karnataka,0,1,"sales, computer vision DevOps project_impact:0.3214685937560503"
S00397,"css, java",Backend Development,26,0,1,0.10683769005664942,1,https://github.com/user_397,Gujarat,0,1,"css, java Backend Development project_impact:0.10683769005664942"
S00398,"nlp, excel, react, ux",Mobile,18,0,0,0.23916179862154827,1,https://github.com/user_398,Punjab,0,1,"nlp, excel, react, ux Mobile project_impact:0.23916179862154827"
S00399,"excel, sales, nlp",Product,19,0,0,0.12122177007315099,1,,Tamil Nadu,0,0,"excel, sales, nlp Product project_impact:0.12122177007315099"
S00400,"nodejs, android",Marketing,27,0,0,0.604341166576024,1,https://github.com/user_400,Uttar Pradesh,0,0,"nodejs, android Marketing project_impact:0.604341166576024"
S00401,"tableau, spring, c++, sales, nlp",Mobile,20,0,0,0.1523805372184568,1,,Gujarat,1,1,"tableau, spring, c++, sales, nlp Mobile project_impact:0.1523805372184568"
S00402,"python, gcp, docker, machine learning",Marketing,24,1,0,0.5493928313329278,1,,Punjab,0,1,"python, gcp, docker, machine learning Marketing project_impact:0.5493928313329278"
S00403,"deep learning, marketing, business analysis, nodejs, sql",Finance,25,0,0,0.27703820809511104,1,,Karnataka,0,0,"deep learning, marketing, business analysis, nodejs, sql Finance project_impact:0.27703820809511104"
S00404,"spring, nodejs",Finance,26,0,0,0.7083312372385187,1,https://github.com/user_404,Tamil Nadu,0,1,"spring, nodejs Finance project_impact:0.7083312372385187"
S00405,"python, react, computer vision, excel",Marketing,19,1,0,0.2623771894110188,1,https://github.com/user_405,Punjab,0,0,"python, react, computer vision, excel Marketing project_impact:0.2623771894110188"
S00406,"excel, r, sql, gcp",Finance,22,0,0,0.5602180707128949,1,https://github.com/user_406,Maharashtra,0,0,"excel, r, sql, gcp Finance project_impact:0.5602180707128949"
S00407,"ux, sales, spring, java, figma",DevOps,30,1,1,0.4409785537705462,0,https://github.com/user_407,Gujarat,1,0,"ux, sales, spring, java, figma DevOps project_impact:0.4409785537705462"
S00408,"flask, nodejs, android",Marketing,27,0,0,0.14350622580916464,0,,Telangana,0,1,"flask, nodejs, android Marketing project_impact:0.14350622580916464"
S00409,"kubernetes, nlp, ios",Frontend Design,23,1,0,0.24778556747175068,0,https://github.com/user_409,Maharashtra,0,1,"kubernetes, nlp, ios Frontend Design project_impact:0.24778556747175068"
S00410,"css, graphql, docker, nlp",Backend Development,20,0,0,0.2530865754758944,0,https://github.com/user_410,Maharashtra,0,0,"css, graphql, docker, nlp Backend Development project_impact:0.2530865754758944"
S00411,"ux, html, r, deep learning, nlp",Mobile,22,0,0,0.6875976049767889,1,https://github.com/user_411,West Bengal,0,1,"ux, html, r, deep learning, nlp Mobile project_impact:0.6875976049767889"
S00412,"figma, kubernetes, css",Finance,25,0,0,0.3004195190343892,1,,Telangana,0,1,"figma, kubernetes, css Finance project_impact:0.3004195190343892"
S00413,"finance, sales",Mobile,22,0,0,0.4616010073349224,1,https://github.com/user_413,Uttar Pradesh,1,1,"finance, sales Mobile project_impact:0.4616010073349224"
S00414,"figma, fastapi",Marketing,31,1,0,0.3695286133955767,1,https://github.com/user_414,Punjab,0,0,"figma, fastapi Marketing project_impact:0.3695286133955767"
S00415,"html, r, flask, sql",Finance,18,0,0,0.2994598422682624,0,,Punjab,0,1,"html, r, flask, sql Finance project_impact:0.2994598422682624"
S00416,"java, sql, figma, gcp",DevOps,31,0,0,0.2940816931727996,0,,Gujarat,0,1,"java, sql, figma, gcp DevOps project_impact:0.2940816931727996"
S00417,"nodejs, powerbi, gcp, aws, sql",DevOps,30,0,1,0.35598026779762093,0,,Rajasthan,0,0,"nodejs, powerbi, gcp, aws, sql DevOps project_impact:0.35598026779762093"
S00418,"nodejs, tableau, nlp",Backend Development,30,0,0,0.4832814843925031,1,https://github.com/user_418,Uttar Pradesh,0,0,"nodejs, tableau, nlp Backend Development project_impact:0.4832814843925031"
S00419,"figma, excel, graphql, python",Backend Development,23,0,1,0.22282107271679408,1,https://github.com/user_419,Gujarat,0,1,"figma, excel, graphql, python Backend Development project_impact:0.22282107271679408"
S00420,"excel, ios, computer vision",Marketing,28,0,0,0.3000486645454801,1,,Tamil Nadu,0,0,"excel, ios, computer vision Marketing project_impact:0.3000486645454801"
S00421,"excel, java, computer vision",Mobile,24,0,0,0.14970550589928633,1,https://github.com/user_421,Rajasthan,0,1,"excel, java, computer vision Mobile project_impact:0.14970550589928633"
S00422,"computer vision, c++",Backend Development,22,0,1,0.4757773750947182,1,,Maharashtra,0,0,"computer vision, c++ Backend Development project_impact:0.4757773750947182"
S00423,"docker, machine learning",Marketing,30,0,0,0.3765303141454802,1,,Maharashtra,1,1,"docker, machine learning Marketing project_impact:0.3765303141454802"
S00424,"sales, marketing, figma, business analysis, html",Mobile,19,0,0,0.6665802260447519,1,,Telangana,0,1,"sales, marketing, figma, business analysis, html Mobile project_impact:0.6665802260447519"
S00425,"html, ux, figma, fastapi, nodejs",Product,24,0,1,0.340962655391381,1,https://github.com/user_425,Telangana,0,1,"html, ux, figma, fastapi, nodejs Product project_impact:0.340962655391381"
S00426,"marketing, react",Finance,31,0,0,0.2857372250499342,1,https://github.com/user_426,Tamil Nadu,0,0,"marketing, react Finance project_impact:0.2857372250499342"
S00427,"flask, tableau, deep learning, css, python",Product,21,0,0,0.3928717082136334,1,,Kerala,1,0,"flask, tableau, deep learning, css, python Product project_impact:0.3928717082136334"
S00428,"python, gcp, deep learning, computer vision",Data Science,24,0,1,0.13945481513511154,1,https://github.com/user_428,Rajasthan,1,0,"python, gcp, deep learning, computer vision Data Science project_impact:0.13945481513511154"
S00429,"ios, c++, graphql, sql",DevOps,25,1,0,0.07969723841811406,0,,Uttar Pradesh,0,1,"ios, c++, graphql, sql DevOps project_impact:0.07969723841811406"
S00430,"gcp, computer vision",Mobile,18,1,0,0.173240817335124,0,https://github.com/user_430,Punjab,0,0,"gcp, computer vision Mobile project_impact:0.173240817335124"
S00431,"marketing, python, aws, figma",Marketing,30,0,0,0.24150941332665904,0,https://github.com/user_431,Karnataka,0,1,"marketing, python, aws, figma Marketing project_impact:0.24150941332665904"
S00432,"marketing, business analysis, fastapi",Frontend Design,30,0,1,0.27712759585940533,1,https://github.com/user_432,Kerala,0,0,"marketing, business analysis, fastapi Frontend Design project_impact:0.27712759585940533"
S00433,"business analysis, figma",Product,27,0,0,0.36744991396860044,1,,Kerala,1,1,"business analysis, figma Product project_impact:0.36744991396860044"
S00434,"excel, computer vision, sales, react",Product,27,0,0,0.2194784199571885,1,,West Bengal,0,1,"excel, computer vision, sales, react Product project_impact:0.2194784199571885"
S00435,"nodejs, spring, fastapi, react, c++",Product,22,0,1,0.5228809027796795,1,,Telangana,0,0,"nodejs, spring, fastapi, react, c++ Product project_impact:0.5228809027796795"
S00436,"graphql, java, python, matlab",Product,30,0,0,0.08962222933695521,1,https://github.com/user_436,Maharashtra,0,0,"graphql, java, python, matlab Product project_impact:0.08962222933695521"
S00437,"sales, sql, nlp, figma",Product,30,0,0,0.421091687262215,1,,Tamil Nadu,0,0,"sales, sql, nlp, figma Product project_impact:0.421091687262215"
S00438,"nlp, matlab, computer vision, sales, figma",Product,20,1,0,0.7081176377567143,1,https://github.com/user_438,Maharashtra,0,0,"nlp, matlab, computer vision, sales, figma Product project_impact:0.7081176377567143"
S00439,"marketing, business analysis, docker, fastapi, powerbi",Frontend Design,23,0,1,0.40670726447330297,0,,West Bengal,0,0,"marketing, business analysis, docker, fastapi, powerbi Frontend Design project_impact:0.40670726447330297"
S00440,"java, html, excel",DevOps,23,0,0,0.736693416872416,0,https://github.com/user_440,Punjab,1,1,"java, html, excel DevOps project_impact:0.736693416872416"
S00441,"sales, nodejs, fastapi, android",Backend Development,20,1,1,0.3686580092036614,0,https://github.com/user_441,Kerala,0,0,"sales, nodejs, fastapi, android Backend Development project_impact:0.3686580092036614"
S00442,"css, tableau",Finance,22,0,0,0.32309575937327095,1,https://github.com/user_442,Karnataka,0,1,"css, tableau Finance project_impact:0.32309575937327095"
S00443,"powerbi, business analysis, spring, graphql",DevOps,24,0,0,0.30447194212265705,1,,Uttar Pradesh,0,1,"powerbi, business analysis, spring, graphql DevOps project_impact:0.30447194212265705"
S00444,"c++, sales, python, html",Data Science,25,0,0,0.3266226955189148,1,https://github.com/user_444,Maharashtra,0,0,"c++, sales, python, html Data Science project_impact:0.3266226955189148"
S00445,"graphql, ios, react",DevOps,23,0,1,0.07356460523507759,1,https://github.com/user_445,Telangana,0,0,"graphql, ios, react DevOps project_impact:0.07356460523507759"
S00446,"nlp, finance, docker, r",Backend Development,19,0,0,0.02927417556612766,0,https://github.com/user_446,West Bengal,0,0,"nlp, finance, docker, r Backend Development project_impact:0.02927417556612766"
S00447,"nodejs, matlab, fastapi, aws",Product,21,0,0,0.09718743828745363,1,,Karnataka,0,1,"nodejs, matlab, fastapi, aws Product project_impact:0.09718743828745363"
S00448,"sales, deep learning, finance",Marketing,31,0,0,0.571312851673874,1,,Telangana,0,1,"sales, deep learning, finance Marketing project_impact:0.571312851673874"
S00449,"css, excel",Frontend Design,21,0,0,0.41425134547209475,1,,Maharashtra,0,1,"css, excel Frontend Design project_impact:0.41425134547209475"
S00450,"java, graphql, ios",Product,31,0,0,0.3364873215183196,1,,Uttar Pradesh,0,1,"java, graphql, ios Product project_impact:0.3364873215183196"
S00451,"python, nodejs, matlab",Product,29,1,0,0.37270945938488187,0,https://github.com/user_451,Maharashtra,0,1,"python, nodejs, matlab Product project_impact:0.37270945938488187"
S00452,"react, matlab, deep learning, powerbi, sales",Data Science,24,0,1,0.353496977092559,1,https://github.com/user_452,Rajasthan,1,0,"react, matlab, deep learning, powerbi, sales Data Science project_impact:0.353496977092559"
S00453,"spring, css, flask",Backend Development,25,0,0,0.33448969420642954,0,,Uttar Pradesh,0,1,"spring, css, flask Backend Development project_impact:0.33448969420642954"
S00454,"android, docker",Mobile,21,0,0,0.13879826522333147,1,https://github.com/user_454,Maharashtra,0,0,"android, docker Mobile project_impact:0.13879826522333147"
S00455,"aws, powerbi, business analysis, machine learning, c++",Finance,19,0,1,0.22579463989848364,0,,Tamil Nadu,0,1,"aws, powerbi, business analysis, machine learning, c++ Finance project_impact:0.22579463989848364"
S00456,"nlp, r, matlab, machine learning, sales",Product,29,0,0,0.5480385969245453,0,https://github.com/user_456,Uttar Pradesh,0,1,"nlp, r, matlab, machine learning, sales Product project_impact:0.5480385969245453"
S00457,"tableau, machine learning",Data Science,30,0,0,0.33112128116177225,1,,Karnataka,0,0,"tableau, machine learning Data Science project_impact:0.33112128116177225"
S00458,"react, gcp, kubernetes",Product,22,0,0,0.28051316814256927,1,,Kerala,0,1,"react, gcp, kubernetes Product project_impact:0.28051316814256927"
S00459,"flask, react, sales",Mobile,24,1,0,0.5928947490704632,1,https://github.com/user_459,West Bengal,0,0,"flask, react, sales Mobile project_impact:0.5928947490704632"
S00460,"docker, kubernetes, r, graphql",Frontend Design,27,0,1,0.26250412286441205,1,,Punjab,0,1,"docker, kubernetes, r, graphql Frontend Design project_impact:0.26250412286441205"
S00461,"gcp, kubernetes, finance, excel, ux",Finance,22,0,1,0.569774952437572,1,https://github.com/user_461,Gujarat,0,0,"gcp, kubernetes, finance, excel, ux Finance project_impact:0.569774952437572"
S00462,"python, sql",Frontend Design,19,1,0,0.5419736937135251,0,https://github.com/user_462,Maharashtra,0,1,"python, sql Frontend Design project_impact:0.5419736937135251"
S00463,"figma, powerbi, spring, matlab, java",Marketing,18,0,1,0.2391804342611392,1,https://github.com/user_463,Kerala,0,1,"figma, powerbi, spring, matlab, java Marketing project_impact:0.2391804342611392"
S00464,"figma, nlp, sql, machine learning",Marketing,25,0,0,0.07853888825252102,0,https://github.com/user_464,West Bengal,1,1,"figma, nlp, sql, machine learning Marketing project_impact:0.07853888825252102"
S00465,"finance, graphql, tableau, gcp",Product,27,0,0,0.4384919444283366,0,https://github.com/user_465,West Bengal,1,1,"finance, graphql, tableau, gcp Product project_impact:0.4384919444283366"
S00466,"graphql, computer vision, deep learning, aws, python",Marketing,31,0,0,0.548364317324854,1,https://github.com/user_466,West Bengal,1,0,"graphql, computer vision, deep learning, aws, python Marketing project_impact:0.548364317324854"
S00467,"powerbi, nodejs, sales, java",Backend Development,18,0,0,0.2698319651678434,0,https://github.com/user_467,West Bengal,0,1,"powerbi, nodejs, sales, java Backend Development project_impact:0.2698319651678434"
S00468,"css, excel, matlab, react, finance",Backend Development,19,1,1,0.2564679705450658,1,,Uttar Pradesh,0,1,"css, excel, matlab, react, finance Backend Development project_impact:0.2564679705450658"
S00469,"docker, tableau, business analysis, html",Finance,21,0,0,0.3130661330254243,1,https://github.com/user_469,Telangana,0,0,"docker, tableau, business analysis, html Finance project_impact:0.3130661330254243"
S00470,"deep learning, spring, docker",Backend Development,29,0,0,0.211438875097704,0,https://github.com/user_470,Tamil Nadu,0,1,"deep learning, spring, docker Backend Development project_impact:0.211438875097704"
S00471,"graphql, css, nlp",Backend Development,24,0,1,0.16500620976975727,1,,Karnataka,1,1,"graphql, css, nlp Backend Development project_impact:0.16500620976975727"
S00472,"matlab, docker",Finance,28,0,0,0.7046291889848868,1,,West Bengal,0,0,"matlab, docker Finance project_impact:0.7046291889848868"
S00473,"java, c++, fastapi, figma, tableau",Backend Development,26,0,0,0.5170466625486176,1,,Punjab,1,1,"java, c++, fastapi, figma, tableau Backend Development project_impact:0.5170466625486176"
S00474,"aws, android, fastapi, html, sales",Marketing,22,0,0,0.32576642799090116,1,,Kerala,0,1,"aws, android, fastapi, html, sales Marketing project_impact:0.32576642799090116"
S00475,"kubernetes, nodejs, computer vision, r",Mobile,26,1,0,0.0648777103348096,1,,Kerala,0,1,"kubernetes, nodejs, computer vision, r Mobile project_impact:0.0648777103348096"
S00476,"excel, matlab, kubernetes",Marketing,25,1,0,0.43812129212619666,1,https://github.com/user_476,Karnataka,1,1,"excel, matlab, kubernetes Marketing project_impact:0.43812129212619666"
S00477,"fastapi, marketing, business analysis, r, excel",Product,22,0,1,0.5445879752143116,1,https://github.com/user_477,Punjab,0,1,"fastapi, marketing, business analysis, r, excel Product project_impact:0.5445879752143116"
S00478,"spring, java, r, powerbi",Mobile,31,0,1,0.09326503259834505,1,https://github.com/user_478,Gujarat,1,0,"spring, java, r, powerbi Mobile project_impact:0.09326503259834505"
S00479,"marketing, machine learning, flask, excel",DevOps,20,0,0,0.07538322420084959,0,,Karnataka,0,0,"marketing, machine learning, flask, excel DevOps project_impact:0.07538322420084959"
S00480,"ios, docker, computer vision",Backend Development,20,0,0,0.11342412976944469,1,,West Bengal,0,1,"ios, docker, computer vision Backend Development project_impact:0.11342412976944469"
S00481,"aws, sales, ux, graphql, css",Product,18,0,0,0.6325833011160693,1,,Telangana,0,1,"aws, sales, ux, graphql, css Product project_impact:0.6325833011160693"
S00482,"business analysis, spring, ux",Backend Development,18,0,0,0.4024911130561522,0,,Rajasthan,0,1,"business analysis, spring, ux Backend Development project_impact:0.4024911130561522"
S00483,"sql, powerbi",Data Science,27,0,0,0.5354351992521896,0,,Uttar Pradesh,1,0,"sql, powerbi Data Science project_impact:0.5354351992521896"
S00484,"sql, nlp, java, nodejs, spring",DevOps,28,0,0,0.8563278538848892,0,https://github.com/user_484,Karnataka,0,0,"sql, nlp, java, nodejs, spring DevOps project_impact:0.8563278538848892"
S00485,"html, python, fastapi",Backend Development,26,0,0,0.4897350881896976,0,,Karnataka,0,1,"html, python, fastapi Backend Development project_impact:0.4897350881896976"
S00486,"docker, sales, business analysis, nlp",Backend Development,26,0,0,0.5034713418182678,1,,Gujarat,1,0,"docker, sales, business analysis, nlp Backend Development project_impact:0.5034713418182678"
S00487,"fastapi, excel",Backend Development,31,0,0,0.36027489591159506,1,https://github.com/user_487,Tamil Nadu,1,1,"fastapi, excel Backend Development project_impact:0.36027489591159506"
S00488,"react, kubernetes, nlp",Finance,18,0,0,0.2722699638721551,1,,Tamil Nadu,1,1,"react, kubernetes, nlp Finance project_impact:0.2722699638721551"
S00489,"sql, ios, excel, marketing, ux",Product,31,0,0,0.2279368247725545,0,https://github.com/user_489,West Bengal,1,0,"sql, ios, excel, marketing, ux Product project_impact:0.2279368247725545"
S00490,"sql, tableau",Product,18,0,0,0.09408781467233042,0,,Rajasthan,0,1,"sql, tableau Product project_impact:0.09408781467233042"
S00491,"python, computer vision",Finance,30,0,0,0.04243152899798797,1,https://github.com/user_491,Kerala,1,1,"python, computer vision Finance project_impact:0.04243152899798797"
S00492,"sales, android, flask",Mobile,23,0,0,0.23804958759392778,0,,West Bengal,1,0,"sales, android, flask Mobile project_impact:0.23804958759392778"
S00493,"css, excel",DevOps,23,0,0,0.10353352947562092,0,https://github.com/user_493,Gujarat,0,1,"css, excel DevOps project_impact:0.10353352947562092"
S00494,"nlp, kubernetes, sales",DevOps,22,0,0,0.23497495273647467,1,,Karnataka,0,0,"nlp, kubernetes, sales DevOps project_impact:0.23497495273647467"
S00495,"c++, css",Finance,18,0,0,0.3008348871137019,0,https://github.com/user_495,Telangana,0,0,"c++, css Finance project_impact:0.3008348871137019"
S00496,"ios, excel, figma",Product,31,0,1,0.4745508373743649,1,,Karnataka,1,0,"ios, excel, figma Product project_impact:0.4745508373743649"
S00497,"business analysis, nlp, fastapi, powerbi, excel",Frontend Design,27,0,0,0.5962883853538599,1,,Karnataka,1,0,"business analysis, nlp, fastapi, powerbi, excel Frontend Design project_impact:0.5962883853538599"
S00498,"deep learning, tableau",Mobile,31,0,0,0.08668862380617595,1,https://github.com/user_498,Gujarat,1,1,"deep learning, tableau Mobile project_impact:0.08668862380617595"
S00499,"spring, c++, nlp, business analysis, gcp",Backend Development,19,0,1,0.13256302693931019,1,https://github.com/user_499,Punjab,0,0,"spring, c++, nlp, business analysis, gcp Backend Development project_impact:0.13256302693931019"
S00500,"figma, business analysis, kubernetes",Product,31,0,0,0.2313667643878859,1,https://github.com/user_500,Punjab,1,0,"figma, business analysis, kubernetes Product project_impact:0.2313667643878859"
